"speaker","token","diortri","focus_condition","focus_no","citation_tone","sandhi_tone","sandhi_tone_var","syllable_no","citation_no","ind_no","sync_tone1","sync_tone2","sync_tone3","hist_tone1","hist_tone2","hist_tone3","syntax","time","f0","norm_f0"
"S1","青椒","di","ct",NA,"HH_HH","HMML","RFLL",1,"1","S1_1_ct","HH","HH",NA,"yinping","yinping",NA,"L","1",297.126137621713,0.223042448316958
"S1","青椒","di","ct",NA,"HH_HH","HMML","RFLL",1,"1","S1_1_ct","HH","HH",NA,"yinping","yinping",NA,"L","2",348.556780890881,0.863651351631199
"S1","青椒","di","ct",NA,"HH_HH","HMML","RFLL",1,"1","S1_1_ct","HH","HH",NA,"yinping","yinping",NA,"L","3",373.955337952217,1.14588721303241
"S1","青椒","di","ct",NA,"HH_HH","HMML","RFLL",1,"1","S1_1_ct","HH","HH",NA,"yinping","yinping",NA,"L","4",386.355884115787,1.2767925115111
"S1","青椒","di","ct",NA,"HH_HH","HMML","RFLL",1,"1","S1_1_ct","HH","HH",NA,"yinping","yinping",NA,"L","5",394.45405973837,1.36003148719317
"S1","青椒","di","ct",NA,"HH_HH","HMML","RFLL",1,"1","S1_1_ct","HH","HH",NA,"yinping","yinping",NA,"L","6",396.687092566671,1.38268374963735
"S1","青椒","di","ct",NA,"HH_HH","HMML","RFLL",1,"1","S1_1_ct","HH","HH",NA,"yinping","yinping",NA,"L","7",392.416114489508,1.33924602441673
"S1","青椒","di","ct",NA,"HH_HH","HMML","RFLL",1,"1","S1_1_ct","HH","HH",NA,"yinping","yinping",NA,"L","8",381.803657090415,1.22923196168215
"S1","青椒","di","ct",NA,"HH_HH","HMML","RFLL",1,"1","S1_1_ct","HH","HH",NA,"yinping","yinping",NA,"L","9",363.895545330056,1.03646219240385
"S1","青椒","di","ct",NA,"HH_HH","HMML","RFLL",1,"1","S1_1_ct","HH","HH",NA,"yinping","yinping",NA,"L","10",340.905152922736,0.774581509464046
"S1","青椒","di","ct",NA,"HH_HH","HMML","RFLL",2,"1","S1_1_ct","HH","HH",NA,"yinping","yinping",NA,"L","11",307.834379572327,0.365113569059631
"S1","青椒","di","ct",NA,"HH_HH","HMML","RFLL",2,"1","S1_1_ct","HH","HH",NA,"yinping","yinping",NA,"L","12",287.627755862356,0.0926705474043199
"S1","青椒","di","ct",NA,"HH_HH","HMML","RFLL",2,"1","S1_1_ct","HH","HH",NA,"yinping","yinping",NA,"L","13",278.607970027983,-0.0351807075054039
"S1","青椒","di","ct",NA,"HH_HH","HMML","RFLL",2,"1","S1_1_ct","HH","HH",NA,"yinping","yinping",NA,"L","14",273.066283933867,-0.115800766715242
"S1","青椒","di","ct",NA,"HH_HH","HMML","RFLL",2,"1","S1_1_ct","HH","HH",NA,"yinping","yinping",NA,"L","15",269.03646694626,-0.175460459286603
"S1","青椒","di","ct",NA,"HH_HH","HMML","RFLL",2,"1","S1_1_ct","HH","HH",NA,"yinping","yinping",NA,"L","16",265.775192434028,-0.224400144539488
"S1","青椒","di","ct",NA,"HH_HH","HMML","RFLL",2,"1","S1_1_ct","HH","HH",NA,"yinping","yinping",NA,"L","17",264.617545065423,-0.241916700015362
"S1","青椒","di","ct",NA,"HH_HH","HMML","RFLL",2,"1","S1_1_ct","HH","HH",NA,"yinping","yinping",NA,"L","18",264.772264069104,-0.23957118944368
"S1","青椒","di","ct",NA,"HH_HH","HMML","RFLL",2,"1","S1_1_ct","HH","HH",NA,"yinping","yinping",NA,"L","19",261.665675105198,-0.28693110889982
"S1","青椒","di","ct",NA,"HH_HH","HMML","RFLL",2,"1","S1_1_ct","HH","HH",NA,"yinping","yinping",NA,"L","20",253.257306582701,-0.417993282780326
"S1","书包","di","ct",NA,"HH_HH","HMML","RFLL",1,"3","S1_3_ct","HH","HH",NA,"yinping","yinping",NA,"L","1",292.701769163184,0.162841488485405
"S1","书包","di","ct",NA,"HH_HH","HMML","RFLL",1,"3","S1_3_ct","HH","HH",NA,"yinping","yinping",NA,"L","2",330.953857580753,0.655703224552456
"S1","书包","di","ct",NA,"HH_HH","HMML","RFLL",1,"3","S1_3_ct","HH","HH",NA,"yinping","yinping",NA,"L","3",354.207898751116,0.928187508426656
"S1","书包","di","ct",NA,"HH_HH","HMML","RFLL",1,"3","S1_3_ct","HH","HH",NA,"yinping","yinping",NA,"L","4",366.418437397709,1.06418646000712
"S1","书包","di","ct",NA,"HH_HH","HMML","RFLL",1,"3","S1_3_ct","HH","HH",NA,"yinping","yinping",NA,"L","5",377.297176568736,1.18158749927153
"S1","书包","di","ct",NA,"HH_HH","HMML","RFLL",1,"3","S1_3_ct","HH","HH",NA,"yinping","yinping",NA,"L","6",385.877050021554,1.27181621670434
"S1","书包","di","ct",NA,"HH_HH","HMML","RFLL",1,"3","S1_3_ct","HH","HH",NA,"yinping","yinping",NA,"L","7",389.992849234735,1.31438964750467
"S1","书包","di","ct",NA,"HH_HH","HMML","RFLL",1,"3","S1_3_ct","HH","HH",NA,"yinping","yinping",NA,"L","8",382.502381226173,1.23656878185488
"S1","书包","di","ct",NA,"HH_HH","HMML","RFLL",1,"3","S1_3_ct","HH","HH",NA,"yinping","yinping",NA,"L","9",364.003453918514,1.03765193823461
"S1","书包","di","ct",NA,"HH_HH","HMML","RFLL",1,"3","S1_3_ct","HH","HH",NA,"yinping","yinping",NA,"L","10",335.948221410833,0.715806137860071
"S1","书包","di","ct",NA,"HH_HH","HMML","RFLL",2,"3","S1_3_ct","HH","HH",NA,"yinping","yinping",NA,"L","11",300.680834776111,0.270764163915039
"S1","书包","di","ct",NA,"HH_HH","HMML","RFLL",2,"3","S1_3_ct","HH","HH",NA,"yinping","yinping",NA,"L","12",277.787145412184,-0.0470202978951006
"S1","书包","di","ct",NA,"HH_HH","HMML","RFLL",2,"3","S1_3_ct","HH","HH",NA,"yinping","yinping",NA,"L","13",269.1462399024,-0.173823511126442
"S1","书包","di","ct",NA,"HH_HH","HMML","RFLL",2,"3","S1_3_ct","HH","HH",NA,"yinping","yinping",NA,"L","14",264.527243658017,-0.243286285987307
"S1","书包","di","ct",NA,"HH_HH","HMML","RFLL",2,"3","S1_3_ct","HH","HH",NA,"yinping","yinping",NA,"L","15",262.766346425639,-0.270087374462741
"S1","书包","di","ct",NA,"HH_HH","HMML","RFLL",2,"3","S1_3_ct","HH","HH",NA,"yinping","yinping",NA,"L","16",263.320832172585,-0.261628703541767
"S1","书包","di","ct",NA,"HH_HH","HMML","RFLL",2,"3","S1_3_ct","HH","HH",NA,"yinping","yinping",NA,"L","17",264.665404765065,-0.24119100963695
"S1","书包","di","ct",NA,"HH_HH","HMML","RFLL",2,"3","S1_3_ct","HH","HH",NA,"yinping","yinping",NA,"L","18",261.071379386345,-0.29605518295445
"S1","书包","di","ct",NA,"HH_HH","HMML","RFLL",2,"3","S1_3_ct","HH","HH",NA,"yinping","yinping",NA,"L","19",250.831998963263,-0.456606145191798
"S1","书包","di","ct",NA,"HH_HH","HMML","RFLL",2,"3","S1_3_ct","HH","HH",NA,"yinping","yinping",NA,"L","20",242.022580105317,-0.600070503502919
"S1","樱花","di","ct",NA,"HH_HH","MHHL",NA,1,"9","S1_9_ct","HH","HH",NA,"yinping","yinping",NA,"L","1",260.616343195209,-0.303055290826172
"S1","樱花","di","ct",NA,"HH_HH","MHHL",NA,1,"9","S1_9_ct","HH","HH",NA,"yinping","yinping",NA,"L","2",279.307669676296,-0.0251157337569516
"S1","樱花","di","ct",NA,"HH_HH","MHHL",NA,1,"9","S1_9_ct","HH","HH",NA,"yinping","yinping",NA,"L","3",299.092313153945,0.249508414239762
"S1","樱花","di","ct",NA,"HH_HH","MHHL",NA,1,"9","S1_9_ct","HH","HH",NA,"yinping","yinping",NA,"L","4",322.991348807714,0.557979654080239
"S1","樱花","di","ct",NA,"HH_HH","MHHL",NA,1,"9","S1_9_ct","HH","HH",NA,"yinping","yinping",NA,"L","5",344.735321429062,0.819414246255538
"S1","樱花","di","ct",NA,"HH_HH","MHHL",NA,1,"9","S1_9_ct","HH","HH",NA,"yinping","yinping",NA,"L","6",362.751469856612,1.02382644779887
"S1","樱花","di","ct",NA,"HH_HH","MHHL",NA,1,"9","S1_9_ct","HH","HH",NA,"yinping","yinping",NA,"L","7",372.011152907037,1.12497073487563
"S1","樱花","di","ct",NA,"HH_HH","MHHL",NA,1,"9","S1_9_ct","HH","HH",NA,"yinping","yinping",NA,"L","8",374.72304464356,1.15411663788437
"S1","樱花","di","ct",NA,"HH_HH","MHHL",NA,1,"9","S1_9_ct","HH","HH",NA,"yinping","yinping",NA,"L","9",374.754914025732,1.15445789685646
"S1","樱花","di","ct",NA,"HH_HH","MHHL",NA,1,"9","S1_9_ct","HH","HH",NA,"yinping","yinping",NA,"L","10",367.630911911539,1.07744259916594
"S1","樱花","di","ct",NA,"HH_HH","MHHL",NA,2,"9","S1_9_ct","HH","HH",NA,"yinping","yinping",NA,"L","11",330.119123309824,0.645569516997886
"S1","樱花","di","ct",NA,"HH_HH","MHHL",NA,2,"9","S1_9_ct","HH","HH",NA,"yinping","yinping",NA,"L","12",315.187727619949,0.459839990665064
"S1","樱花","di","ct",NA,"HH_HH","MHHL",NA,2,"9","S1_9_ct","HH","HH",NA,"yinping","yinping",NA,"L","13",303.742850329146,0.311421501177229
"S1","樱花","di","ct",NA,"HH_HH","MHHL",NA,2,"9","S1_9_ct","HH","HH",NA,"yinping","yinping",NA,"L","14",289.413598331859,0.117507991010396
"S1","樱花","di","ct",NA,"HH_HH","MHHL",NA,2,"9","S1_9_ct","HH","HH",NA,"yinping","yinping",NA,"L","15",272.325014162315,-0.12670857892366
"S1","樱花","di","ct",NA,"HH_HH","MHHL",NA,2,"9","S1_9_ct","HH","HH",NA,"yinping","yinping",NA,"L","16",255.023858286386,-0.390100401128832
"S1","樱花","di","ct",NA,"HH_HH","MHHL",NA,2,"9","S1_9_ct","HH","HH",NA,"yinping","yinping",NA,"L","17",241.187770975262,-0.613935529632532
"S1","樱花","di","ct",NA,"HH_HH","MHHL",NA,2,"9","S1_9_ct","HH","HH",NA,"yinping","yinping",NA,"L","18",231.853497804392,-0.772318014154685
"S1","樱花","di","ct",NA,"HH_HH","MHHL",NA,2,"9","S1_9_ct","HH","HH",NA,"yinping","yinping",NA,"L","19",223.180621458508,-0.925300280177581
"S1","樱花","di","ct",NA,"HH_HH","MHHL",NA,2,"9","S1_9_ct","HH","HH",NA,"yinping","yinping",NA,"L","20",213.258443747854,-1.10778542737193
"S1","青菜","di","ct",NA,"HH_HL","HMML","RFLL",1,"11","S1_11_ct","HH","HL",NA,"yinping","yinqu",NA,"L","1",303.949500757473,0.314150616297597
"S1","青菜","di","ct",NA,"HH_HL","HMML","RFLL",1,"11","S1_11_ct","HH","HL",NA,"yinping","yinqu",NA,"L","2",375.492882172326,1.16235199146942
"S1","青菜","di","ct",NA,"HH_HL","HMML","RFLL",1,"11","S1_11_ct","HH","HL",NA,"yinping","yinqu",NA,"L","3",408.996300101188,1.50530585690409
"S1","青菜","di","ct",NA,"HH_HL","HMML","RFLL",1,"11","S1_11_ct","HH","HL",NA,"yinping","yinqu",NA,"L","4",430.120527081267,1.70738405644793
"S1","青菜","di","ct",NA,"HH_HL","HMML","RFLL",1,"11","S1_11_ct","HH","HL",NA,"yinping","yinqu",NA,"L","5",446.239357482182,1.85501225370999
"S1","青菜","di","ct",NA,"HH_HL","HMML","RFLL",1,"11","S1_11_ct","HH","HL",NA,"yinping","yinqu",NA,"L","6",453.883387935592,1.92316767583132
"S1","青菜","di","ct",NA,"HH_HL","HMML","RFLL",1,"11","S1_11_ct","HH","HL",NA,"yinping","yinqu",NA,"L","7",453.780269395887,1.92225591462805
"S1","青菜","di","ct",NA,"HH_HL","HMML","RFLL",1,"11","S1_11_ct","HH","HL",NA,"yinping","yinqu",NA,"L","8",448.351510539028,1.87396058771763
"S1","青菜","di","ct",NA,"HH_HL","HMML","RFLL",1,"11","S1_11_ct","HH","HL",NA,"yinping","yinqu",NA,"L","9",434.086691965398,1.7442160497857
"S1","青菜","di","ct",NA,"HH_HL","HMML","RFLL",1,"11","S1_11_ct","HH","HL",NA,"yinping","yinqu",NA,"L","10",397.099015538387,1.38684843173323
"S1","青菜","di","ct",NA,"HH_HL","HMML","RFLL",2,"11","S1_11_ct","HH","HL",NA,"yinping","yinqu",NA,"L","11",285.954398795817,0.0692571992989584
"S1","青菜","di","ct",NA,"HH_HL","HMML","RFLL",2,"11","S1_11_ct","HH","HL",NA,"yinping","yinqu",NA,"L","12",238.054807081954,-0.666401230638479
"S1","青菜","di","ct",NA,"HH_HL","HMML","RFLL",2,"11","S1_11_ct","HH","HL",NA,"yinping","yinqu",NA,"L","13",215.589361853015,-1.06416424843918
"S1","青菜","di","ct",NA,"HH_HL","HMML","RFLL",2,"11","S1_11_ct","HH","HL",NA,"yinping","yinqu",NA,"L","14",199.580253066778,-1.37378230761936
"S1","青菜","di","ct",NA,"HH_HL","HMML","RFLL",2,"11","S1_11_ct","HH","HL",NA,"yinping","yinqu",NA,"L","15",184.516874094172,-1.68868287469431
"S1","青菜","di","ct",NA,"HH_HL","HMML","RFLL",2,"11","S1_11_ct","HH","HL",NA,"yinping","yinqu",NA,"L","16",173.987143934106,-1.92446856524655
"S1","青菜","di","ct",NA,"HH_HL","HMML","RFLL",2,"11","S1_11_ct","HH","HL",NA,"yinping","yinqu",NA,"L","17",167.905057187137,-2.06725223319363
"S1","青菜","di","ct",NA,"HH_HL","HMML","RFLL",2,"11","S1_11_ct","HH","HL",NA,"yinping","yinqu",NA,"L","18",165.024368572664,-2.13669456121128
"S1","青菜","di","ct",NA,"HH_HL","HMML","RFLL",2,"11","S1_11_ct","HH","HL",NA,"yinping","yinqu",NA,"L","19",163.730438789653,-2.1682816891
"S1","青菜","di","ct",NA,"HH_HL","HMML","RFLL",2,"11","S1_11_ct","HH","HL",NA,"yinping","yinqu",NA,"L","20",171.820375642245,-1.97475525192732
"S1","樱桃","di","ct",NA,"HH_RF","MHHL",NA,1,"17","S1_17_ct","HH","LHL",NA,"yinping","yangping",NA,"L","1",229.02002565737,-0.821659470031972
"S1","樱桃","di","ct",NA,"HH_RF","MHHL",NA,1,"17","S1_17_ct","HH","LHL",NA,"yinping","yangping",NA,"L","2",270.70162981674,-0.150700819497227
"S1","樱桃","di","ct",NA,"HH_RF","MHHL",NA,1,"17","S1_17_ct","HH","LHL",NA,"yinping","yangping",NA,"L","3",297.999967876075,0.234826311379476
"S1","樱桃","di","ct",NA,"HH_RF","MHHL",NA,1,"17","S1_17_ct","HH","LHL",NA,"yinping","yangping",NA,"L","4",323.567946592945,0.565136703635452
"S1","樱桃","di","ct",NA,"HH_RF","MHHL",NA,1,"17","S1_17_ct","HH","LHL",NA,"yinping","yangping",NA,"L","5",343.978903313108,0.810599854634792
"S1","樱桃","di","ct",NA,"HH_RF","MHHL",NA,1,"17","S1_17_ct","HH","LHL",NA,"yinping","yangping",NA,"L","6",361.222798183123,1.00688068854671
"S1","樱桃","di","ct",NA,"HH_RF","MHHL",NA,1,"17","S1_17_ct","HH","LHL",NA,"yinping","yangping",NA,"L","7",368.96075660666,1.09193178203787
"S1","樱桃","di","ct",NA,"HH_RF","MHHL",NA,1,"17","S1_17_ct","HH","LHL",NA,"yinping","yangping",NA,"L","8",374.754684822958,1.15445544264506
"S1","樱桃","di","ct",NA,"HH_RF","MHHL",NA,1,"17","S1_17_ct","HH","LHL",NA,"yinping","yangping",NA,"L","9",373.412330786903,1.14005624541386
"S1","樱桃","di","ct",NA,"HH_RF","MHHL",NA,1,"17","S1_17_ct","HH","LHL",NA,"yinping","yangping",NA,"L","10",339.043305684481,0.75260602613163
"S1","樱桃","di","ct",NA,"HH_RF","MHHL",NA,2,"17","S1_17_ct","HH","LHL",NA,"yinping","yangping",NA,"L","11",318.788074858586,0.505416984283466
"S1","樱桃","di","ct",NA,"HH_RF","MHHL",NA,2,"17","S1_17_ct","HH","LHL",NA,"yinping","yangping",NA,"L","12",323.460822488081,0.56380798533162
"S1","樱桃","di","ct",NA,"HH_RF","MHHL",NA,2,"17","S1_17_ct","HH","LHL",NA,"yinping","yangping",NA,"L","13",311.531626558921,0.413021294932915
"S1","樱桃","di","ct",NA,"HH_RF","MHHL",NA,2,"17","S1_17_ct","HH","LHL",NA,"yinping","yangping",NA,"L","14",298.460929437825,0.241028602117644
"S1","樱桃","di","ct",NA,"HH_RF","MHHL",NA,2,"17","S1_17_ct","HH","LHL",NA,"yinping","yangping",NA,"L","15",285.997750415715,0.0698654952613404
"S1","樱桃","di","ct",NA,"HH_RF","MHHL",NA,2,"17","S1_17_ct","HH","LHL",NA,"yinping","yangping",NA,"L","16",269.250533090993,-0.172268896312368
"S1","樱桃","di","ct",NA,"HH_RF","MHHL",NA,2,"17","S1_17_ct","HH","LHL",NA,"yinping","yangping",NA,"L","17",246.5656920256,-0.525444151245858
"S1","樱桃","di","ct",NA,"HH_RF","MHHL",NA,2,"17","S1_17_ct","HH","LHL",NA,"yinping","yangping",NA,"L","18",220.282028181169,-0.977757554031473
"S1","樱桃","di","ct",NA,"HH_RF","MHHL",NA,2,"17","S1_17_ct","HH","LHL",NA,"yinping","yangping",NA,"L","19",198.180017756498,-1.40203440637367
"S1","樱桃","di","ct",NA,"HH_RF","MHHL",NA,2,"17","S1_17_ct","HH","LHL",NA,"yinping","yangping",NA,"L","20",192.145933145506,-1.52611043042349
"S1","书房","di","ct",NA,"HH_RF","HMML","RFLL",1,"21","S1_21_ct","HH","LHL",NA,"yinping","yangping",NA,"L","1",309.739392528576,0.389869528740518
"S1","书房","di","ct",NA,"HH_RF","HMML","RFLL",1,"21","S1_21_ct","HH","LHL",NA,"yinping","yangping",NA,"L","2",360.749656709073,1.00162124556326
"S1","书房","di","ct",NA,"HH_RF","HMML","RFLL",1,"21","S1_21_ct","HH","LHL",NA,"yinping","yangping",NA,"L","3",395.341475013915,1.36904889494065
"S1","书房","di","ct",NA,"HH_RF","HMML","RFLL",1,"21","S1_21_ct","HH","LHL",NA,"yinping","yangping",NA,"L","4",423.42039748376,1.64438456063605
"S1","书房","di","ct",NA,"HH_RF","HMML","RFLL",1,"21","S1_21_ct","HH","LHL",NA,"yinping","yangping",NA,"L","5",436.736011726333,1.76863209241721
"S1","书房","di","ct",NA,"HH_RF","HMML","RFLL",1,"21","S1_21_ct","HH","LHL",NA,"yinping","yangping",NA,"L","6",436.275239085654,1.76439628523118
"S1","书房","di","ct",NA,"HH_RF","HMML","RFLL",1,"21","S1_21_ct","HH","LHL",NA,"yinping","yangping",NA,"L","7",420.74335483262,1.61893388327293
"S1","书房","di","ct",NA,"HH_RF","HMML","RFLL",1,"21","S1_21_ct","HH","LHL",NA,"yinping","yangping",NA,"L","8",384.416916066117,1.2566035264075
"S1","书房","di","ct",NA,"HH_RF","HMML","RFLL",1,"21","S1_21_ct","HH","LHL",NA,"yinping","yangping",NA,"L","9",329.533653440192,0.638446588777918
"S1","书房","di","ct",NA,"HH_RF","HMML","RFLL",1,"21","S1_21_ct","HH","LHL",NA,"yinping","yangping",NA,"L","10",277.359612596947,-0.0532009035024475
"S1","书房","di","ct",NA,"HH_RF","HMML","RFLL",2,"21","S1_21_ct","HH","LHL",NA,"yinping","yangping",NA,"L","11",230.478525357202,-0.796185715743143
"S1","书房","di","ct",NA,"HH_RF","HMML","RFLL",2,"21","S1_21_ct","HH","LHL",NA,"yinping","yangping",NA,"L","12",214.530094740659,-1.08392878235509
"S1","书房","di","ct",NA,"HH_RF","HMML","RFLL",2,"21","S1_21_ct","HH","LHL",NA,"yinping","yangping",NA,"L","13",206.256526377459,-1.24174666459712
"S1","书房","di","ct",NA,"HH_RF","HMML","RFLL",2,"21","S1_21_ct","HH","LHL",NA,"yinping","yangping",NA,"L","14",199.482489301004,-1.37574840962811
"S1","书房","di","ct",NA,"HH_RF","HMML","RFLL",2,"21","S1_21_ct","HH","LHL",NA,"yinping","yangping",NA,"L","15",192.668919696148,-1.51520335639877
"S1","书房","di","ct",NA,"HH_RF","HMML","RFLL",2,"21","S1_21_ct","HH","LHL",NA,"yinping","yangping",NA,"L","16",185.225441237644,-1.67330303940756
"S1","书房","di","ct",NA,"HH_RF","HMML","RFLL",2,"21","S1_21_ct","HH","LHL",NA,"yinping","yangping",NA,"L","17",177.582992256231,-1.84238166978657
"S1","书房","di","ct",NA,"HH_RF","HMML","RFLL",2,"21","S1_21_ct","HH","LHL",NA,"yinping","yangping",NA,"L","18",169.797203300516,-2.02228516777554
"S1","书房","di","ct",NA,"HH_RF","HMML","RFLL",2,"21","S1_21_ct","HH","LHL",NA,"yinping","yangping",NA,"L","19",164.44083111387,-2.15090897470157
"S1","书房","di","ct",NA,"HH_RF","HMML","RFLL",2,"21","S1_21_ct","HH","LHL",NA,"yinping","yangping",NA,"L","20",164.491012309174,-2.1496846280851
"S1","青豆","di","ct",NA,"HH_LH","HMML","RFLL",1,"25","S1_25_ct","HH","LH",NA,"yinping","yangqu",NA,"L","1",364.731041442524,1.04566475772414
"S1","青豆","di","ct",NA,"HH_LH","HMML","RFLL",1,"25","S1_25_ct","HH","LH",NA,"yinping","yangqu",NA,"L","2",448.428280005969,1.87464761188199
"S1","青豆","di","ct",NA,"HH_LH","HMML","RFLL",1,"25","S1_25_ct","HH","LH",NA,"yinping","yangqu",NA,"L","3",489.373401819711,2.22526758091564
"S1","青豆","di","ct",NA,"HH_LH","HMML","RFLL",1,"25","S1_25_ct","HH","LH",NA,"yinping","yangqu",NA,"L","4",509.918317335511,2.3902898568179
"S1","青豆","di","ct",NA,"HH_LH","HMML","RFLL",1,"25","S1_25_ct","HH","LH",NA,"yinping","yangqu",NA,"L","5",516.864747474936,2.44458473963764
"S1","青豆","di","ct",NA,"HH_LH","HMML","RFLL",1,"25","S1_25_ct","HH","LH",NA,"yinping","yangqu",NA,"L","6",510.679290731236,2.39627375654125
"S1","青豆","di","ct",NA,"HH_LH","HMML","RFLL",1,"25","S1_25_ct","HH","LH",NA,"yinping","yangqu",NA,"L","7",491.271252479489,2.24079932446786
"S1","青豆","di","ct",NA,"HH_LH","HMML","RFLL",1,"25","S1_25_ct","HH","LH",NA,"yinping","yangqu",NA,"L","8",456.071745260944,1.94246816846149
"S1","青豆","di","ct",NA,"HH_LH","HMML","RFLL",1,"25","S1_25_ct","HH","LH",NA,"yinping","yangqu",NA,"L","9",395.7954310289,1.37365391447838
"S1","青豆","di","ct",NA,"HH_LH","HMML","RFLL",1,"25","S1_25_ct","HH","LH",NA,"yinping","yangqu",NA,"L","10",310.299779905698,0.397122878728404
"S1","青豆","di","ct",NA,"HH_LH","HMML","RFLL",2,"25","S1_25_ct","HH","LH",NA,"yinping","yangqu",NA,"L","11",236.804577484476,-0.687531014433142
"S1","青豆","di","ct",NA,"HH_LH","HMML","RFLL",2,"25","S1_25_ct","HH","LH",NA,"yinping","yangqu",NA,"L","12",220.913774795748,-0.966265936935125
"S1","青豆","di","ct",NA,"HH_LH","HMML","RFLL",2,"25","S1_25_ct","HH","LH",NA,"yinping","yangqu",NA,"L","13",213.293123383466,-1.10713293974029
"S1","青豆","di","ct",NA,"HH_LH","HMML","RFLL",2,"25","S1_25_ct","HH","LH",NA,"yinping","yangqu",NA,"L","14",205.310795989943,-1.26018817643991
"S1","青豆","di","ct",NA,"HH_LH","HMML","RFLL",2,"25","S1_25_ct","HH","LH",NA,"yinping","yangqu",NA,"L","15",198.514046521603,-1.3952767272303
"S1","青豆","di","ct",NA,"HH_LH","HMML","RFLL",2,"25","S1_25_ct","HH","LH",NA,"yinping","yangqu",NA,"L","16",193.063169381369,-1.50700069024605
"S1","青豆","di","ct",NA,"HH_LH","HMML","RFLL",2,"25","S1_25_ct","HH","LH",NA,"yinping","yangqu",NA,"L","17",188.519081450013,-1.60257658911909
"S1","青豆","di","ct",NA,"HH_LH","HMML","RFLL",2,"25","S1_25_ct","HH","LH",NA,"yinping","yangqu",NA,"L","18",184.868236231857,-1.68104900037909
"S1","青豆","di","ct",NA,"HH_LH","HMML","RFLL",2,"25","S1_25_ct","HH","LH",NA,"yinping","yangqu",NA,"L","19",182.214058313689,-1.7390777832427
"S1","青豆","di","ct",NA,"HH_LH","HMML","RFLL",2,"25","S1_25_ct","HH","LH",NA,"yinping","yangqu",NA,"L","20",185.584365813838,-1.66553482114722
"S1","新车","di","ct",NA,"HL_HH","HMML","RFLL",1,"45","S1_45_ct","HL","HH",NA,"yinping","yinping",NA,"M","1",320.379351456382,0.525397249012903
"S1","新车","di","ct",NA,"HL_HH","HMML","RFLL",1,"45","S1_45_ct","HL","HH",NA,"yinping","yinping",NA,"M","2",397.835297392001,1.39428174227578
"S1","新车","di","ct",NA,"HL_HH","HMML","RFLL",1,"45","S1_45_ct","HL","HH",NA,"yinping","yinping",NA,"M","3",426.200186630644,1.67064232084905
"S1","新车","di","ct",NA,"HL_HH","HMML","RFLL",1,"45","S1_45_ct","HL","HH",NA,"yinping","yinping",NA,"M","4",440.212477667535,1.80044735183596
"S1","新车","di","ct",NA,"HL_HH","HMML","RFLL",1,"45","S1_45_ct","HL","HH",NA,"yinping","yinping",NA,"M","5",445.038841012049,1.84420228589466
"S1","新车","di","ct",NA,"HL_HH","HMML","RFLL",1,"45","S1_45_ct","HL","HH",NA,"yinping","yinping",NA,"M","6",444.447983420732,1.83887123703148
"S1","新车","di","ct",NA,"HL_HH","HMML","RFLL",1,"45","S1_45_ct","HL","HH",NA,"yinping","yinping",NA,"M","7",440.497002261719,1.80304007683793
"S1","新车","di","ct",NA,"HL_HH","HMML","RFLL",1,"45","S1_45_ct","HL","HH",NA,"yinping","yinping",NA,"M","8",427.56738311095,1.68349403175809
"S1","新车","di","ct",NA,"HL_HH","HMML","RFLL",1,"45","S1_45_ct","HL","HH",NA,"yinping","yinping",NA,"M","9",395.342810176128,1.36906244684178
"S1","新车","di","ct",NA,"HL_HH","HMML","RFLL",1,"45","S1_45_ct","HL","HH",NA,"yinping","yinping",NA,"M","10",338.037369578609,0.740682640332861
"S1","新车","di","ct",NA,"HL_HH","HMML","RFLL",2,"45","S1_45_ct","HL","HH",NA,"yinping","yinping",NA,"M","11",251.434830614292,-0.446973821770081
"S1","新车","di","ct",NA,"HL_HH","HMML","RFLL",2,"45","S1_45_ct","HL","HH",NA,"yinping","yinping",NA,"M","12",223.230710046992,-0.924399802639278
"S1","新车","di","ct",NA,"HL_HH","HMML","RFLL",2,"45","S1_45_ct","HL","HH",NA,"yinping","yinping",NA,"M","13",210.396714996146,-1.16199698332178
"S1","新车","di","ct",NA,"HL_HH","HMML","RFLL",2,"45","S1_45_ct","HL","HH",NA,"yinping","yinping",NA,"M","14",202.953754680141,-1.30652216065165
"S1","新车","di","ct",NA,"HL_HH","HMML","RFLL",2,"45","S1_45_ct","HL","HH",NA,"yinping","yinping",NA,"M","15",199.629754409324,-1.37278716607009
"S1","新车","di","ct",NA,"HL_HH","HMML","RFLL",2,"45","S1_45_ct","HL","HH",NA,"yinping","yinping",NA,"M","16",198.83854769587,-1.38872267926264
"S1","新车","di","ct",NA,"HL_HH","HMML","RFLL",2,"45","S1_45_ct","HL","HH",NA,"yinping","yinping",NA,"M","17",199.582673218569,-1.37373364878434
"S1","新车","di","ct",NA,"HL_HH","HMML","RFLL",2,"45","S1_45_ct","HL","HH",NA,"yinping","yinping",NA,"M","18",200.603505953785,-1.35326153232297
"S1","新车","di","ct",NA,"HL_HH","HMML","RFLL",2,"45","S1_45_ct","HL","HH",NA,"yinping","yinping",NA,"M","19",200.336507376929,-1.35860593175661
"S1","新车","di","ct",NA,"HL_HH","HMML","RFLL",2,"45","S1_45_ct","HL","HH",NA,"yinping","yinping",NA,"M","20",205.54854776831,-1.25554409364757
"S1","新房","di","ct",NA,"HL_RF","HMML",NA,1,"47","S1_47_ct","HL","LHL",NA,"yinping","yangping",NA,"M","1",319.374521695927,0.512792064081632
"S1","新房","di","ct",NA,"HL_RF","HMML",NA,1,"47","S1_47_ct","HL","LHL",NA,"yinping","yangping",NA,"M","2",383.916168941473,1.2513730856177
"S1","新房","di","ct",NA,"HL_RF","HMML",NA,1,"47","S1_47_ct","HL","LHL",NA,"yinping","yangping",NA,"M","3",411.830800571329,1.53301964372153
"S1","新房","di","ct",NA,"HL_RF","HMML",NA,1,"47","S1_47_ct","HL","LHL",NA,"yinping","yangping",NA,"M","4",427.0402281859,1.67854362521432
"S1","新房","di","ct",NA,"HL_RF","HMML",NA,1,"47","S1_47_ct","HL","LHL",NA,"yinping","yangping",NA,"M","5",433.787430009303,1.74144869979969
"S1","新房","di","ct",NA,"HL_RF","HMML",NA,1,"47","S1_47_ct","HL","LHL",NA,"yinping","yangping",NA,"M","6",433.174908277703,1.73577860080639
"S1","新房","di","ct",NA,"HL_RF","HMML",NA,1,"47","S1_47_ct","HL","LHL",NA,"yinping","yangping",NA,"M","7",425.749614067621,1.66639788399957
"S1","新房","di","ct",NA,"HL_RF","HMML",NA,1,"47","S1_47_ct","HL","LHL",NA,"yinping","yangping",NA,"M","8",406.207589652395,1.4778516960536
"S1","新房","di","ct",NA,"HL_RF","HMML",NA,1,"47","S1_47_ct","HL","LHL",NA,"yinping","yangping",NA,"M","9",362.889269782069,1.02535048872511
"S1","新房","di","ct",NA,"HL_RF","HMML",NA,1,"47","S1_47_ct","HL","LHL",NA,"yinping","yangping",NA,"M","10",300.755688502931,0.271762997027652
"S1","新房","di","ct",NA,"HL_RF","HMML",NA,2,"47","S1_47_ct","HL","LHL",NA,"yinping","yangping",NA,"M","11",230.24643729023,-0.800228498490455
"S1","新房","di","ct",NA,"HL_RF","HMML",NA,2,"47","S1_47_ct","HL","LHL",NA,"yinping","yangping",NA,"M","12",209.244078862409,-1.18404070511875
"S1","新房","di","ct",NA,"HL_RF","HMML",NA,2,"47","S1_47_ct","HL","LHL",NA,"yinping","yangping",NA,"M","13",201.22536223608,-1.34084161977692
"S1","新房","di","ct",NA,"HL_RF","HMML",NA,2,"47","S1_47_ct","HL","LHL",NA,"yinping","yangping",NA,"M","14",192.475223892413,-1.51923949665309
"S1","新房","di","ct",NA,"HL_RF","HMML",NA,2,"47","S1_47_ct","HL","LHL",NA,"yinping","yangping",NA,"M","15",187.426862510884,-1.62589263065326
"S1","新房","di","ct",NA,"HL_RF","HMML",NA,2,"47","S1_47_ct","HL","LHL",NA,"yinping","yangping",NA,"M","16",188.385844432208,-1.60541360918306
"S1","新房","di","ct",NA,"HL_RF","HMML",NA,2,"47","S1_47_ct","HL","LHL",NA,"yinping","yangping",NA,"M","17",194.412532853188,-1.47905238164585
"S1","新房","di","ct",NA,"HL_RF","HMML",NA,2,"47","S1_47_ct","HL","LHL",NA,"yinping","yangping",NA,"M","18",204.945661368747,-1.26733095196643
"S1","新房","di","ct",NA,"HL_RF","HMML",NA,2,"47","S1_47_ct","HL","LHL",NA,"yinping","yangping",NA,"M","19",218.959898259826,-1.00191444043105
"S1","新房","di","ct",NA,"HL_RF","HMML",NA,2,"47","S1_47_ct","HL","LHL",NA,"yinping","yangping",NA,"M","20",237.975563749454,-0.667737202688969
"S1","新路","di","ct",NA,"HL_LH","HMML",NA,1,"51","S1_51_ct","HL","LH",NA,"yinping","yangqu",NA,"M","1",292.471396079888,0.159682000892206
"S1","新路","di","ct",NA,"HL_LH","HMML",NA,1,"51","S1_51_ct","HL","LH",NA,"yinping","yangqu",NA,"M","2",385.799864975567,1.27101349138905
"S1","新路","di","ct",NA,"HL_LH","HMML",NA,1,"51","S1_51_ct","HL","LH",NA,"yinping","yangqu",NA,"M","3",408.99216129207,1.50526525022075
"S1","新路","di","ct",NA,"HL_LH","HMML",NA,1,"51","S1_51_ct","HL","LH",NA,"yinping","yangqu",NA,"M","4",419.164586828502,1.60384849686111
"S1","新路","di","ct",NA,"HL_LH","HMML",NA,1,"51","S1_51_ct","HL","LH",NA,"yinping","yangqu",NA,"M","5",424.724847280331,1.65672773259413
"S1","新路","di","ct",NA,"HL_LH","HMML",NA,1,"51","S1_51_ct","HL","LH",NA,"yinping","yangqu",NA,"M","6",429.398090879046,1.70063856472205
"S1","新路","di","ct",NA,"HL_LH","HMML",NA,1,"51","S1_51_ct","HL","LH",NA,"yinping","yangqu",NA,"M","7",427.29779236286,1.68096312193356
"S1","新路","di","ct",NA,"HL_LH","HMML",NA,1,"51","S1_51_ct","HL","LH",NA,"yinping","yangqu",NA,"M","8",411.62923410084,1.53105517520627
"S1","新路","di","ct",NA,"HL_LH","HMML",NA,1,"51","S1_51_ct","HL","LH",NA,"yinping","yangqu",NA,"M","9",375.058213907857,1.15770419590434
"S1","新路","di","ct",NA,"HL_LH","HMML",NA,1,"51","S1_51_ct","HL","LH",NA,"yinping","yangqu",NA,"M","10",319.312021803919,0.512006718506212
"S1","新路","di","ct",NA,"HL_LH","HMML",NA,2,"51","S1_51_ct","HL","LH",NA,"yinping","yangqu",NA,"M","11",239.781112063484,-0.637407111470521
"S1","新路","di","ct",NA,"HL_LH","HMML",NA,2,"51","S1_51_ct","HL","LH",NA,"yinping","yangqu",NA,"M","12",197.597028136098,-1.41385610362925
"S1","新路","di","ct",NA,"HL_LH","HMML",NA,2,"51","S1_51_ct","HL","LH",NA,"yinping","yangqu",NA,"M","13",189.985617611326,-1.5714814164409
"S1","新路","di","ct",NA,"HL_LH","HMML",NA,2,"51","S1_51_ct","HL","LH",NA,"yinping","yangqu",NA,"M","14",187.212181216188,-1.63049149411903
"S1","新路","di","ct",NA,"HL_LH","HMML",NA,2,"51","S1_51_ct","HL","LH",NA,"yinping","yangqu",NA,"M","15",192.628779570529,-1.516039443671
"S1","新路","di","ct",NA,"HL_LH","HMML",NA,2,"51","S1_51_ct","HL","LH",NA,"yinping","yangqu",NA,"M","16",207.595576646602,-1.2157796196732
"S1","新路","di","ct",NA,"HL_LH","HMML",NA,2,"51","S1_51_ct","HL","LH",NA,"yinping","yangqu",NA,"M","17",229.1195394491,-0.819916239671977
"S1","新路","di","ct",NA,"HL_LH","HMML",NA,2,"51","S1_51_ct","HL","LH",NA,"yinping","yangqu",NA,"M","18",251.331313466661,-0.448626223256559
"S1","新路","di","ct",NA,"HL_LH","HMML",NA,2,"51","S1_51_ct","HL","LH",NA,"yinping","yangqu",NA,"M","19",262.572992715543,-0.2730411800323
"S1","新路","di","ct",NA,"HL_LH","HMML",NA,2,"51","S1_51_ct","HL","LH",NA,"yinping","yangqu",NA,"M","20",262.939638573147,-0.267441889622662
"S2","书包","di","ct",NA,"HH_HH","MMMH",NA,1,"3","S2_3_ct","HH","HH",NA,"yinping","yinping",NA,"L","1",140.06333562194,0.111037397005996
"S2","书包","di","ct",NA,"HH_HH","MMMH",NA,1,"3","S2_3_ct","HH","HH",NA,"yinping","yinping",NA,"L","2",148.1471673602,0.46304997544345
"S2","书包","di","ct",NA,"HH_HH","MMMH",NA,1,"3","S2_3_ct","HH","HH",NA,"yinping","yinping",NA,"L","3",150.3620933366,0.556149223137328
"S2","书包","di","ct",NA,"HH_HH","MMMH",NA,1,"3","S2_3_ct","HH","HH",NA,"yinping","yinping",NA,"L","4",147.872046863998,0.451388863532313
"S2","书包","di","ct",NA,"HH_HH","MMMH",NA,1,"3","S2_3_ct","HH","HH",NA,"yinping","yinping",NA,"L","5",144.521974897784,0.307627744055915
"S2","书包","di","ct",NA,"HH_HH","MMMH",NA,1,"3","S2_3_ct","HH","HH",NA,"yinping","yinping",NA,"L","6",141.833070642137,0.189807462198868
"S2","书包","di","ct",NA,"HH_HH","MMMH",NA,1,"3","S2_3_ct","HH","HH",NA,"yinping","yinping",NA,"L","7",139.520475385783,0.0866753739315429
"S2","书包","di","ct",NA,"HH_HH","MMMH",NA,1,"3","S2_3_ct","HH","HH",NA,"yinping","yinping",NA,"L","8",137.790340932182,0.00839453450907761
"S2","书包","di","ct",NA,"HH_HH","MMMH",NA,1,"3","S2_3_ct","HH","HH",NA,"yinping","yinping",NA,"L","9",138.223125520188,0.0280679001977313
"S2","书包","di","ct",NA,"HH_HH","MMMH",NA,1,"3","S2_3_ct","HH","HH",NA,"yinping","yinping",NA,"L","10",140.949944428979,0.150623562092892
"S2","书包","di","ct",NA,"HH_HH","MMMH",NA,2,"3","S2_3_ct","HH","HH",NA,"yinping","yinping",NA,"L","11",145.67834171357,0.357623924923884
"S2","书包","di","ct",NA,"HH_HH","MMMH",NA,2,"3","S2_3_ct","HH","HH",NA,"yinping","yinping",NA,"L","12",145.048116697513,0.330425199418963
"S2","书包","di","ct",NA,"HH_HH","MMMH",NA,2,"3","S2_3_ct","HH","HH",NA,"yinping","yinping",NA,"L","13",148.098047636979,0.460969601698046
"S2","书包","di","ct",NA,"HH_HH","MMMH",NA,2,"3","S2_3_ct","HH","HH",NA,"yinping","yinping",NA,"L","14",149.683158550167,0.527758344232579
"S2","书包","di","ct",NA,"HH_HH","MMMH",NA,2,"3","S2_3_ct","HH","HH",NA,"yinping","yinping",NA,"L","15",150.195808307597,0.549207587110819
"S2","书包","di","ct",NA,"HH_HH","MMMH",NA,2,"3","S2_3_ct","HH","HH",NA,"yinping","yinping",NA,"L","16",152.278512181803,0.635601406127753
"S2","书包","di","ct",NA,"HH_HH","MMMH",NA,2,"3","S2_3_ct","HH","HH",NA,"yinping","yinping",NA,"L","17",156.973517824078,0.826100854656468
"S2","书包","di","ct",NA,"HH_HH","MMMH",NA,2,"3","S2_3_ct","HH","HH",NA,"yinping","yinping",NA,"L","18",163.339916463225,1.07551016756754
"S2","书包","di","ct",NA,"HH_HH","MMMH",NA,2,"3","S2_3_ct","HH","HH",NA,"yinping","yinping",NA,"L","19",163.044424887177,1.06415083794888
"S2","书包","di","ct",NA,"HH_HH","MMMH",NA,2,"3","S2_3_ct","HH","HH",NA,"yinping","yinping",NA,"L","20",160.361325946703,0.960054438643879
"S2","樱花","di","ct",NA,"HH_HH","MMMH",NA,1,"9","S2_9_ct","HH","HH",NA,"yinping","yinping",NA,"L","1",109.200959058122,-1.45045615411979
"S2","樱花","di","ct",NA,"HH_HH","MMMH",NA,1,"9","S2_9_ct","HH","HH",NA,"yinping","yinping",NA,"L","2",116.953443483224,-1.02018438911143
"S2","樱花","di","ct",NA,"HH_HH","MMMH",NA,1,"9","S2_9_ct","HH","HH",NA,"yinping","yinping",NA,"L","3",118.304475713594,-0.948129571006966
"S2","樱花","di","ct",NA,"HH_HH","MMMH",NA,1,"9","S2_9_ct","HH","HH",NA,"yinping","yinping",NA,"L","4",119.889170357917,-0.864654149790202
"S2","樱花","di","ct",NA,"HH_HH","MMMH",NA,1,"9","S2_9_ct","HH","HH",NA,"yinping","yinping",NA,"L","5",121.306354541002,-0.790931855493775
"S2","樱花","di","ct",NA,"HH_HH","MMMH",NA,1,"9","S2_9_ct","HH","HH",NA,"yinping","yinping",NA,"L","6",121.87319046215,-0.761685759383627
"S2","樱花","di","ct",NA,"HH_HH","MMMH",NA,1,"9","S2_9_ct","HH","HH",NA,"yinping","yinping",NA,"L","7",121.771800730406,-0.766906995157931
"S2","樱花","di","ct",NA,"HH_HH","MMMH",NA,1,"9","S2_9_ct","HH","HH",NA,"yinping","yinping",NA,"L","8",120.854872423283,-0.814324172559506
"S2","樱花","di","ct",NA,"HH_HH","MMMH",NA,1,"9","S2_9_ct","HH","HH",NA,"yinping","yinping",NA,"L","9",118.837564414613,-0.919924418586581
"S2","樱花","di","ct",NA,"HH_HH","MMMH",NA,1,"9","S2_9_ct","HH","HH",NA,"yinping","yinping",NA,"L","10",117.254836057138,-1.00403830030266
"S2","樱花","di","ct",NA,"HH_HH","MMMH",NA,2,"9","S2_9_ct","HH","HH",NA,"yinping","yinping",NA,"L","11",119.199758892131,-0.900833189240092
"S2","樱花","di","ct",NA,"HH_HH","MMMH",NA,2,"9","S2_9_ct","HH","HH",NA,"yinping","yinping",NA,"L","12",120.33319051026,-0.84146277263108
"S2","樱花","di","ct",NA,"HH_HH","MMMH",NA,2,"9","S2_9_ct","HH","HH",NA,"yinping","yinping",NA,"L","13",120.771896703793,-0.818632838173222
"S2","樱花","di","ct",NA,"HH_HH","MMMH",NA,2,"9","S2_9_ct","HH","HH",NA,"yinping","yinping",NA,"L","14",122.627906532501,-0.722956342470191
"S2","樱花","di","ct",NA,"HH_HH","MMMH",NA,2,"9","S2_9_ct","HH","HH",NA,"yinping","yinping",NA,"L","15",124.403200105312,-0.632786189350208
"S2","樱花","di","ct",NA,"HH_HH","MMMH",NA,2,"9","S2_9_ct","HH","HH",NA,"yinping","yinping",NA,"L","16",125.401214885966,-0.582658698337169
"S2","樱花","di","ct",NA,"HH_HH","MMMH",NA,2,"9","S2_9_ct","HH","HH",NA,"yinping","yinping",NA,"L","17",126.864379925678,-0.509884579427933
"S2","樱花","di","ct",NA,"HH_HH","MMMH",NA,2,"9","S2_9_ct","HH","HH",NA,"yinping","yinping",NA,"L","18",128.568549405604,-0.426174233485091
"S2","樱花","di","ct",NA,"HH_HH","MMMH",NA,2,"9","S2_9_ct","HH","HH",NA,"yinping","yinping",NA,"L","19",129.20342432674,-0.395271980277628
"S2","樱花","di","ct",NA,"HH_HH","MMMH",NA,2,"9","S2_9_ct","HH","HH",NA,"yinping","yinping",NA,"L","20",125.596121710857,-0.572915650956971
"S2","樱桃","di","ct",NA,"HH_RF","MMMH",NA,1,"17","S2_17_ct","HH","LHL",NA,"yinping","yangping",NA,"L","1",113.087345321039,-1.23106940154009
"S2","樱桃","di","ct",NA,"HH_RF","MMMH",NA,1,"17","S2_17_ct","HH","LHL",NA,"yinping","yangping",NA,"L","2",123.79294083967,-0.663636321324293
"S2","樱桃","di","ct",NA,"HH_RF","MMMH",NA,1,"17","S2_17_ct","HH","LHL",NA,"yinping","yangping",NA,"L","3",128.642552094997,-0.422564338239865
"S2","樱桃","di","ct",NA,"HH_RF","MMMH",NA,1,"17","S2_17_ct","HH","LHL",NA,"yinping","yangping",NA,"L","4",131.459457640279,-0.286675949033099
"S2","樱桃","di","ct",NA,"HH_RF","MMMH",NA,1,"17","S2_17_ct","HH","LHL",NA,"yinping","yangping",NA,"L","5",133.036775786127,-0.211851806312645
"S2","樱桃","di","ct",NA,"HH_RF","MMMH",NA,1,"17","S2_17_ct","HH","LHL",NA,"yinping","yangping",NA,"L","6",133.763859603547,-0.177658941601456
"S2","樱桃","di","ct",NA,"HH_RF","MMMH",NA,1,"17","S2_17_ct","HH","LHL",NA,"yinping","yangping",NA,"L","7",133.923214459617,-0.170189730283816
"S2","樱桃","di","ct",NA,"HH_RF","MMMH",NA,1,"17","S2_17_ct","HH","LHL",NA,"yinping","yangping",NA,"L","8",133.566499899133,-0.186921843746552
"S2","樱桃","di","ct",NA,"HH_RF","MMMH",NA,1,"17","S2_17_ct","HH","LHL",NA,"yinping","yangping",NA,"L","9",131.992228068501,-0.261302674709264
"S2","樱桃","di","ct",NA,"HH_RF","MMMH",NA,1,"17","S2_17_ct","HH","LHL",NA,"yinping","yangping",NA,"L","10",129.190974994563,-0.395876485076523
"S2","樱桃","di","ct",NA,"HH_RF","MMMH",NA,2,"17","S2_17_ct","HH","LHL",NA,"yinping","yangping",NA,"L","11",125.679741871059,-0.568740261111903
"S2","樱桃","di","ct",NA,"HH_RF","MMMH",NA,2,"17","S2_17_ct","HH","LHL",NA,"yinping","yangping",NA,"L","12",116.210831989472,-1.06014553365348
"S2","樱桃","di","ct",NA,"HH_RF","MMMH",NA,2,"17","S2_17_ct","HH","LHL",NA,"yinping","yangping",NA,"L","13",113.663420108477,-1.19919310675191
"S2","樱桃","di","ct",NA,"HH_RF","MMMH",NA,2,"17","S2_17_ct","HH","LHL",NA,"yinping","yangping",NA,"L","14",113.477541147029,-1.20946077122781
"S2","樱桃","di","ct",NA,"HH_RF","MMMH",NA,2,"17","S2_17_ct","HH","LHL",NA,"yinping","yangping",NA,"L","15",113.59575787193,-1.20292871842725
"S2","樱桃","di","ct",NA,"HH_RF","MMMH",NA,2,"17","S2_17_ct","HH","LHL",NA,"yinping","yangping",NA,"L","16",114.873389540043,-1.13276389644809
"S2","樱桃","di","ct",NA,"HH_RF","MMMH",NA,2,"17","S2_17_ct","HH","LHL",NA,"yinping","yangping",NA,"L","17",118.637284461504,-0.930506150575285
"S2","樱桃","di","ct",NA,"HH_RF","MMMH",NA,2,"17","S2_17_ct","HH","LHL",NA,"yinping","yangping",NA,"L","18",123.991600600346,-0.653576909548594
"S2","樱桃","di","ct",NA,"HH_RF","MMMH",NA,2,"17","S2_17_ct","HH","LHL",NA,"yinping","yangping",NA,"L","19",129.469995284182,-0.382341996655795
"S2","樱桃","di","ct",NA,"HH_RF","MMMH",NA,2,"17","S2_17_ct","HH","LHL",NA,"yinping","yangping",NA,"L","20",132.061796432177,-0.257997032837354
"S2","书房","di","ct",NA,"HH_RF","MMMH",NA,1,"21","S2_21_ct","HH","LHL",NA,"yinping","yangping",NA,"L","1",139.318803331526,0.0776007499037725
"S2","书房","di","ct",NA,"HH_RF","MMMH",NA,1,"21","S2_21_ct","HH","LHL",NA,"yinping","yangping",NA,"L","2",137.332633472639,-0.012479112102612
"S2","书房","di","ct",NA,"HH_RF","MMMH",NA,1,"21","S2_21_ct","HH","LHL",NA,"yinping","yangping",NA,"L","3",135.563010687519,-0.09384211687342
"S2","书房","di","ct",NA,"HH_RF","MMMH",NA,1,"21","S2_21_ct","HH","LHL",NA,"yinping","yangping",NA,"L","4",135.090575818955,-0.115743189832375
"S2","书房","di","ct",NA,"HH_RF","MMMH",NA,1,"21","S2_21_ct","HH","LHL",NA,"yinping","yangping",NA,"L","5",135.315344438818,-0.105313860617461
"S2","书房","di","ct",NA,"HH_RF","MMMH",NA,1,"21","S2_21_ct","HH","LHL",NA,"yinping","yangping",NA,"L","6",134.880513838788,-0.125505825381543
"S2","书房","di","ct",NA,"HH_RF","MMMH",NA,1,"21","S2_21_ct","HH","LHL",NA,"yinping","yangping",NA,"L","7",133.464766059642,-0.191701978451103
"S2","书房","di","ct",NA,"HH_RF","MMMH",NA,1,"21","S2_21_ct","HH","LHL",NA,"yinping","yangping",NA,"L","8",131.626528790837,-0.27870810911846
"S2","书房","di","ct",NA,"HH_RF","MMMH",NA,1,"21","S2_21_ct","HH","LHL",NA,"yinping","yangping",NA,"L","9",130.309627019789,-0.341789082332923
"S2","书房","di","ct",NA,"HH_RF","MMMH",NA,1,"21","S2_21_ct","HH","LHL",NA,"yinping","yangping",NA,"L","10",129.575756395839,-0.37721944495345
"S2","书房","di","ct",NA,"HH_RF","MMMH",NA,2,"21","S2_21_ct","HH","LHL",NA,"yinping","yangping",NA,"L","11",128.278636785741,-0.44033638662619
"S2","书房","di","ct",NA,"HH_RF","MMMH",NA,2,"21","S2_21_ct","HH","LHL",NA,"yinping","yangping",NA,"L","12",125.632815784161,-0.571083070464396
"S2","书房","di","ct",NA,"HH_RF","MMMH",NA,2,"21","S2_21_ct","HH","LHL",NA,"yinping","yangping",NA,"L","13",124.506551813633,-0.627576491138368
"S2","书房","di","ct",NA,"HH_RF","MMMH",NA,2,"21","S2_21_ct","HH","LHL",NA,"yinping","yangping",NA,"L","14",124.237954802424,-0.641124785995396
"S2","书房","di","ct",NA,"HH_RF","MMMH",NA,2,"21","S2_21_ct","HH","LHL",NA,"yinping","yangping",NA,"L","15",124.709029488569,-0.617382626960868
"S2","书房","di","ct",NA,"HH_RF","MMMH",NA,2,"21","S2_21_ct","HH","LHL",NA,"yinping","yangping",NA,"L","16",126.767062265282,-0.514698793336888
"S2","书房","di","ct",NA,"HH_RF","MMMH",NA,2,"21","S2_21_ct","HH","LHL",NA,"yinping","yangping",NA,"L","17",130.185365881654,-0.347774201111652
"S2","书房","di","ct",NA,"HH_RF","MMMH",NA,2,"21","S2_21_ct","HH","LHL",NA,"yinping","yangping",NA,"L","18",134.802034801308,-0.129157042256507
"S2","书房","di","ct",NA,"HH_RF","MMMH",NA,2,"21","S2_21_ct","HH","LHL",NA,"yinping","yangping",NA,"L","19",141.334880934446,0.167733113758065
"S2","书房","di","ct",NA,"HH_RF","MMMH",NA,2,"21","S2_21_ct","HH","LHL",NA,"yinping","yangping",NA,"L","20",147.188018786921,0.422301720578668
"S2","青豆","di","ct",NA,"HH_LH","MMMH",NA,1,"25","S2_25_ct","HH","LH",NA,"yinping","yangqu",NA,"L","1",144.111559146809,0.289786944282118
"S2","青豆","di","ct",NA,"HH_LH","MMMH",NA,1,"25","S2_25_ct","HH","LH",NA,"yinping","yangqu",NA,"L","2",143.177362875092,0.248987187483604
"S2","青豆","di","ct",NA,"HH_LH","MMMH",NA,1,"25","S2_25_ct","HH","LH",NA,"yinping","yangqu",NA,"L","3",139.110712110302,0.0682235027698873
"S2","青豆","di","ct",NA,"HH_LH","MMMH",NA,1,"25","S2_25_ct","HH","LH",NA,"yinping","yangqu",NA,"L","4",136.668379262007,-0.0428963512571397
"S2","青豆","di","ct",NA,"HH_LH","MMMH",NA,1,"25","S2_25_ct","HH","LH",NA,"yinping","yangqu",NA,"L","5",136.259091381467,-0.0617119807964007
"S2","青豆","di","ct",NA,"HH_LH","MMMH",NA,1,"25","S2_25_ct","HH","LH",NA,"yinping","yangqu",NA,"L","6",136.641409611304,-0.044134454696563
"S2","青豆","di","ct",NA,"HH_LH","MMMH",NA,1,"25","S2_25_ct","HH","LH",NA,"yinping","yangqu",NA,"L","7",137.031277722658,-0.0262603892074661
"S2","青豆","di","ct",NA,"HH_LH","MMMH",NA,1,"25","S2_25_ct","HH","LH",NA,"yinping","yangqu",NA,"L","8",136.878736123272,-0.0332478152508982
"S2","青豆","di","ct",NA,"HH_LH","MMMH",NA,1,"25","S2_25_ct","HH","LH",NA,"yinping","yangqu",NA,"L","9",135.766214412284,-0.0844454903745664
"S2","青豆","di","ct",NA,"HH_LH","MMMH",NA,1,"25","S2_25_ct","HH","LH",NA,"yinping","yangqu",NA,"L","10",134.041387094011,-0.164656531000509
"S2","青豆","di","ct",NA,"HH_LH","MMMH",NA,2,"25","S2_25_ct","HH","LH",NA,"yinping","yangqu",NA,"L","11",132.603377895708,-0.232322391087983
"S2","青豆","di","ct",NA,"HH_LH","MMMH",NA,2,"25","S2_25_ct","HH","LH",NA,"yinping","yangqu",NA,"L","12",129.454925294367,-0.383072253945869
"S2","青豆","di","ct",NA,"HH_LH","MMMH",NA,2,"25","S2_25_ct","HH","LH",NA,"yinping","yangqu",NA,"L","13",126.821118397631,-0.512024230772775
"S2","青豆","di","ct",NA,"HH_LH","MMMH",NA,2,"25","S2_25_ct","HH","LH",NA,"yinping","yangqu",NA,"L","14",128.130924100254,-0.447564424517838
"S2","青豆","di","ct",NA,"HH_LH","MMMH",NA,2,"25","S2_25_ct","HH","LH",NA,"yinping","yangqu",NA,"L","15",131.228643041833,-0.297700471283311
"S2","青豆","di","ct",NA,"HH_LH","MMMH",NA,2,"25","S2_25_ct","HH","LH",NA,"yinping","yangqu",NA,"L","16",134.096785826988,-0.162064274417219
"S2","青豆","di","ct",NA,"HH_LH","MMMH",NA,2,"25","S2_25_ct","HH","LH",NA,"yinping","yangqu",NA,"L","17",137.303173969624,-0.0138249881085242
"S2","青豆","di","ct",NA,"HH_LH","MMMH",NA,2,"25","S2_25_ct","HH","LH",NA,"yinping","yangqu",NA,"L","18",144.211068761998,0.294117295582154
"S2","青豆","di","ct",NA,"HH_LH","MMMH",NA,2,"25","S2_25_ct","HH","LH",NA,"yinping","yangqu",NA,"L","19",154.86113838221,0.741106322182536
"S2","青豆","di","ct",NA,"HH_LH","MMMH",NA,2,"25","S2_25_ct","HH","LH",NA,"yinping","yangqu",NA,"L","20",161.493497663851,1.00419022454209
"S2","新店","di","ct",NA,"HH_HL","MHHL","MMHL",1,"38","S2_38_ct","HH","HL",NA,"yinping","yinqu",NA,"M","1",135.456500751344,-0.0987730190003404
"S2","新店","di","ct",NA,"HH_HL","MHHL","MMHL",1,"38","S2_38_ct","HH","HL",NA,"yinping","yinqu",NA,"M","2",142.312195915166,0.210964061425455
"S2","新店","di","ct",NA,"HH_HL","MHHL","MMHL",1,"38","S2_38_ct","HH","HL",NA,"yinping","yinqu",NA,"M","3",142.603713123562,0.223801679223065
"S2","新店","di","ct",NA,"HH_HL","MHHL","MMHL",1,"38","S2_38_ct","HH","HL",NA,"yinping","yinqu",NA,"M","4",142.205860482281,0.206274794183595
"S2","新店","di","ct",NA,"HH_HL","MHHL","MMHL",1,"38","S2_38_ct","HH","HL",NA,"yinping","yinqu",NA,"M","5",142.191471559938,0.205639990344226
"S2","新店","di","ct",NA,"HH_HL","MHHL","MMHL",1,"38","S2_38_ct","HH","HL",NA,"yinping","yinqu",NA,"M","6",141.650658529768,0.181733952172757
"S2","新店","di","ct",NA,"HH_HL","MHHL","MMHL",1,"38","S2_38_ct","HH","HL",NA,"yinping","yinqu",NA,"M","7",140.74763104301,0.141612450296914
"S2","新店","di","ct",NA,"HH_HL","MHHL","MMHL",1,"38","S2_38_ct","HH","HL",NA,"yinping","yinqu",NA,"M","8",139.527767269226,0.0870032405639228
"S2","新店","di","ct",NA,"HH_HL","MHHL","MMHL",1,"38","S2_38_ct","HH","HL",NA,"yinping","yinqu",NA,"M","9",138.223898139326,0.0281029665294385
"S2","新店","di","ct",NA,"HH_HL","MHHL","MMHL",1,"38","S2_38_ct","HH","HL",NA,"yinping","yinqu",NA,"M","10",141.501251232781,0.1751134772097
"S2","新店","di","ct",NA,"HH_HL","MHHL","MMHL",2,"38","S2_38_ct","HH","HL",NA,"yinping","yinqu",NA,"M","11",164.592926194955,1.12345131645182
"S2","新店","di","ct",NA,"HH_HL","MHHL","MMHL",2,"38","S2_38_ct","HH","HL",NA,"yinping","yinqu",NA,"M","12",177.732036415961,1.60526328109002
"S2","新店","di","ct",NA,"HH_HL","MHHL","MMHL",2,"38","S2_38_ct","HH","HL",NA,"yinping","yinqu",NA,"M","13",178.261165236668,1.62391233594663
"S2","新店","di","ct",NA,"HH_HL","MHHL","MMHL",2,"38","S2_38_ct","HH","HL",NA,"yinping","yinqu",NA,"M","14",175.003006061312,1.50818876851169
"S2","新店","di","ct",NA,"HH_HL","MHHL","MMHL",2,"38","S2_38_ct","HH","HL",NA,"yinping","yinqu",NA,"M","15",166.545756055492,1.1974452847842
"S2","新店","di","ct",NA,"HH_HL","MHHL","MMHL",2,"38","S2_38_ct","HH","HL",NA,"yinping","yinqu",NA,"M","16",153.126776815109,0.670450598423645
"S2","新店","di","ct",NA,"HH_HL","MHHL","MMHL",2,"38","S2_38_ct","HH","HL",NA,"yinping","yinqu",NA,"M","17",138.853152920499,0.0565976283809995
"S2","新店","di","ct",NA,"HH_HL","MHHL","MMHL",2,"38","S2_38_ct","HH","HL",NA,"yinping","yinqu",NA,"M","18",126.970976323568,-0.504615591126388
"S2","新店","di","ct",NA,"HH_HL","MHHL","MMHL",2,"38","S2_38_ct","HH","HL",NA,"yinping","yinqu",NA,"M","19",120.311640817403,-0.842586345752399
"S2","新店","di","ct",NA,"HH_HL","MHHL","MMHL",2,"38","S2_38_ct","HH","HL",NA,"yinping","yinqu",NA,"M","20",117.535089954172,-0.989061839256956
"S2","新车","di","ct",NA,"HH_HH","MMMH",NA,1,"45","S2_45_ct","HH","HH",NA,"yinping","yinping",NA,"M","1",139.824159019827,0.100315488512355
"S2","新车","di","ct",NA,"HH_HH","MMMH",NA,1,"45","S2_45_ct","HH","HH",NA,"yinping","yinping",NA,"M","2",144.005809410953,0.285181763700359
"S2","新车","di","ct",NA,"HH_HH","MMMH",NA,1,"45","S2_45_ct","HH","HH",NA,"yinping","yinping",NA,"M","3",141.442095762907,0.172490272268832
"S2","新车","di","ct",NA,"HH_HH","MMMH",NA,1,"45","S2_45_ct","HH","HH",NA,"yinping","yinping",NA,"M","4",138.039352138656,0.0197215315718502
"S2","新车","di","ct",NA,"HH_HH","MMMH",NA,1,"45","S2_45_ct","HH","HH",NA,"yinping","yinping",NA,"M","5",136.21382588105,-0.0637963794401946
"S2","新车","di","ct",NA,"HH_HH","MMMH",NA,1,"45","S2_45_ct","HH","HH",NA,"yinping","yinping",NA,"M","6",135.095317096092,-0.115523014091998
"S2","新车","di","ct",NA,"HH_HH","MMMH",NA,1,"45","S2_45_ct","HH","HH",NA,"yinping","yinping",NA,"M","7",134.344644904451,-0.150479376771659
"S2","新车","di","ct",NA,"HH_HH","MMMH",NA,1,"45","S2_45_ct","HH","HH",NA,"yinping","yinping",NA,"M","8",133.548434958379,-0.187770389305824
"S2","新车","di","ct",NA,"HH_HH","MMMH",NA,1,"45","S2_45_ct","HH","HH",NA,"yinping","yinping",NA,"M","9",132.02504212771,-0.259743249980331
"S2","新车","di","ct",NA,"HH_HH","MMMH",NA,1,"45","S2_45_ct","HH","HH",NA,"yinping","yinping",NA,"M","10",133.034563883359,-0.211956111217059
"S2","新车","di","ct",NA,"HH_HH","MMMH",NA,2,"45","S2_45_ct","HH","HH",NA,"yinping","yinping",NA,"M","11",139.622241282938,0.091249548949591
"S2","新车","di","ct",NA,"HH_HH","MMMH",NA,2,"45","S2_45_ct","HH","HH",NA,"yinping","yinping",NA,"M","12",139.959760280884,0.106396527759465
"S2","新车","di","ct",NA,"HH_HH","MMMH",NA,2,"45","S2_45_ct","HH","HH",NA,"yinping","yinping",NA,"M","13",139.601705242968,0.0903267632954576
"S2","新车","di","ct",NA,"HH_HH","MMMH",NA,2,"45","S2_45_ct","HH","HH",NA,"yinping","yinping",NA,"M","14",141.842745467387,0.190235377297218
"S2","新车","di","ct",NA,"HH_HH","MMMH",NA,2,"45","S2_45_ct","HH","HH",NA,"yinping","yinping",NA,"M","15",143.156523167727,0.248074009014492
"S2","新车","di","ct",NA,"HH_HH","MMMH",NA,2,"45","S2_45_ct","HH","HH",NA,"yinping","yinping",NA,"M","16",144.630621885461,0.312342154680058
"S2","新车","di","ct",NA,"HH_HH","MMMH",NA,2,"45","S2_45_ct","HH","HH",NA,"yinping","yinping",NA,"M","17",147.075977428013,0.417524469649101
"S2","新车","di","ct",NA,"HH_HH","MMMH",NA,2,"45","S2_45_ct","HH","HH",NA,"yinping","yinping",NA,"M","18",149.836788889589,0.534193929827278
"S2","新车","di","ct",NA,"HH_HH","MMMH",NA,2,"45","S2_45_ct","HH","HH",NA,"yinping","yinping",NA,"M","19",150.972093896721,0.581548374967508
"S2","新车","di","ct",NA,"HH_HH","MMMH",NA,2,"45","S2_45_ct","HH","HH",NA,"yinping","yinping",NA,"M","20",147.935128054244,0.454064505354204
"S2","新房","di","ct",NA,"HH_RF","MHHL","MMHL",1,"47","S2_47_ct","HH","LHL",NA,"yinping","yangping",NA,"M","1",144.147560040477,0.291353937158699
"S2","新房","di","ct",NA,"HH_RF","MHHL","MMHL",1,"47","S2_47_ct","HH","LHL",NA,"yinping","yangping",NA,"M","2",141.8912365479,0.192379685990032
"S2","新房","di","ct",NA,"HH_RF","MHHL","MMHL",1,"47","S2_47_ct","HH","LHL",NA,"yinping","yangping",NA,"M","3",138.287184652981,0.0309746424733984
"S2","新房","di","ct",NA,"HH_RF","MHHL","MMHL",1,"47","S2_47_ct","HH","LHL",NA,"yinping","yangping",NA,"M","4",136.764797210591,-0.0384720622255097
"S2","新房","di","ct",NA,"HH_RF","MHHL","MMHL",1,"47","S2_47_ct","HH","LHL",NA,"yinping","yangping",NA,"M","5",136.76199636115,-0.0386005396089433
"S2","新房","di","ct",NA,"HH_RF","MHHL","MMHL",1,"47","S2_47_ct","HH","LHL",NA,"yinping","yangping",NA,"M","6",137.178787746733,-0.0195108367515944
"S2","新房","di","ct",NA,"HH_RF","MHHL","MMHL",1,"47","S2_47_ct","HH","LHL",NA,"yinping","yangping",NA,"M","7",137.827343069144,0.0100789783005166
"S2","新房","di","ct",NA,"HH_RF","MHHL","MMHL",1,"47","S2_47_ct","HH","LHL",NA,"yinping","yangping",NA,"M","8",138.270548960862,0.0302199120432282
"S2","新房","di","ct",NA,"HH_RF","MHHL","MMHL",1,"47","S2_47_ct","HH","LHL",NA,"yinping","yangping",NA,"M","9",138.142713927556,0.0244172425356419
"S2","新房","di","ct",NA,"HH_RF","MHHL","MMHL",1,"47","S2_47_ct","HH","LHL",NA,"yinping","yangping",NA,"M","10",140.996608323677,0.152700153210055
"S2","新房","di","ct",NA,"HH_RF","MHHL","MMHL",2,"47","S2_47_ct","HH","LHL",NA,"yinping","yangping",NA,"M","11",154.940962417927,0.744339176435331
"S2","新房","di","ct",NA,"HH_RF","MHHL","MMHL",2,"47","S2_47_ct","HH","LHL",NA,"yinping","yangping",NA,"M","12",170.386910038508,1.34049078751428
"S2","新房","di","ct",NA,"HH_RF","MHHL","MMHL",2,"47","S2_47_ct","HH","LHL",NA,"yinping","yangping",NA,"M","13",171.654043506223,1.38697259778152
"S2","新房","di","ct",NA,"HH_RF","MHHL","MMHL",2,"47","S2_47_ct","HH","LHL",NA,"yinping","yangping",NA,"M","14",168.389554300115,1.26651595062763
"S2","新房","di","ct",NA,"HH_RF","MHHL","MMHL",2,"47","S2_47_ct","HH","LHL",NA,"yinping","yangping",NA,"M","15",161.348438751679,0.998552663004212
"S2","新房","di","ct",NA,"HH_RF","MHHL","MMHL",2,"47","S2_47_ct","HH","LHL",NA,"yinping","yangping",NA,"M","16",150.718567603749,0.571004553714365
"S2","新房","di","ct",NA,"HH_RF","MHHL","MMHL",2,"47","S2_47_ct","HH","LHL",NA,"yinping","yangping",NA,"M","17",136.90201678294,-0.0321809018668243
"S2","新房","di","ct",NA,"HH_RF","MHHL","MMHL",2,"47","S2_47_ct","HH","LHL",NA,"yinping","yangping",NA,"M","18",123.643527735125,-0.67121270269163
"S2","新房","di","ct",NA,"HH_RF","MHHL","MMHL",2,"47","S2_47_ct","HH","LHL",NA,"yinping","yangping",NA,"M","19",112.476155885161,-1.26506673604907
"S2","新房","di","ct",NA,"HH_RF","MHHL","MMHL",2,"47","S2_47_ct","HH","LHL",NA,"yinping","yangping",NA,"M","20",105.881879891552,-1.64409082506381
"S2","新路","di","ct",NA,"HH_LH","HMML",NA,1,"51","S2_51_ct","HH","LH",NA,"yinping","yangqu",NA,"M","1",137.953023138113,0.0157969222001903
"S2","新路","di","ct",NA,"HH_LH","HMML",NA,1,"51","S2_51_ct","HH","LH",NA,"yinping","yangqu",NA,"M","2",150.346039621427,0.555479389160207
"S2","新路","di","ct",NA,"HH_LH","HMML",NA,1,"51","S2_51_ct","HH","LH",NA,"yinping","yangqu",NA,"M","3",155.280341309707,0.758065371782769
"S2","新路","di","ct",NA,"HH_LH","HMML",NA,1,"51","S2_51_ct","HH","LH",NA,"yinping","yangqu",NA,"M","4",158.839738920257,0.900244611359658
"S2","新路","di","ct",NA,"HH_LH","HMML",NA,1,"51","S2_51_ct","HH","LH",NA,"yinping","yangqu",NA,"M","5",162.334147860524,1.03676183002903
"S2","新路","di","ct",NA,"HH_LH","HMML",NA,1,"51","S2_51_ct","HH","LH",NA,"yinping","yangqu",NA,"M","6",164.584140358826,1.12311643559541
"S2","新路","di","ct",NA,"HH_LH","HMML",NA,1,"51","S2_51_ct","HH","LH",NA,"yinping","yangqu",NA,"M","7",164.986142165033,1.13842085889136
"S2","新路","di","ct",NA,"HH_LH","HMML",NA,1,"51","S2_51_ct","HH","LH",NA,"yinping","yangqu",NA,"M","8",163.953687897671,1.09903932935137
"S2","新路","di","ct",NA,"HH_LH","HMML",NA,1,"51","S2_51_ct","HH","LH",NA,"yinping","yangqu",NA,"M","9",161.018898514786,0.985726570658716
"S2","新路","di","ct",NA,"HH_LH","HMML",NA,1,"51","S2_51_ct","HH","LH",NA,"yinping","yangqu",NA,"M","10",151.057008607894,0.585075906866076
"S2","新路","di","ct",NA,"HH_LH","HMML",NA,2,"51","S2_51_ct","HH","LH",NA,"yinping","yangqu",NA,"M","11",133.26236130526,-0.201223150191806
"S2","新路","di","ct",NA,"HH_LH","HMML",NA,2,"51","S2_51_ct","HH","LH",NA,"yinping","yangqu",NA,"M","12",121.381612770205,-0.787041022780368
"S2","新路","di","ct",NA,"HH_LH","HMML",NA,2,"51","S2_51_ct","HH","LH",NA,"yinping","yangqu",NA,"M","13",119.945983323892,-0.861681994995243
"S2","新路","di","ct",NA,"HH_LH","HMML",NA,2,"51","S2_51_ct","HH","LH",NA,"yinping","yangqu",NA,"M","14",120.295374890569,-0.843434563435698
"S2","新路","di","ct",NA,"HH_LH","HMML",NA,2,"51","S2_51_ct","HH","LH",NA,"yinping","yangqu",NA,"M","15",122.612781612997,-0.72373015781942
"S2","新路","di","ct",NA,"HH_LH","HMML",NA,2,"51","S2_51_ct","HH","LH",NA,"yinping","yangqu",NA,"M","16",127.655219919445,-0.470898857257229
"S2","新路","di","ct",NA,"HH_LH","HMML",NA,2,"51","S2_51_ct","HH","LH",NA,"yinping","yangqu",NA,"M","17",133.411468681787,-0.194207699612012
"S2","新路","di","ct",NA,"HH_LH","HMML",NA,2,"51","S2_51_ct","HH","LH",NA,"yinping","yangqu",NA,"M","18",138.126323644009,0.0236728687914418
"S2","新路","di","ct",NA,"HH_LH","HMML",NA,2,"51","S2_51_ct","HH","LH",NA,"yinping","yangqu",NA,"M","19",139.573599031402,0.089063592407706
"S2","新路","di","ct",NA,"HH_LH","HMML",NA,2,"51","S2_51_ct","HH","LH",NA,"yinping","yangqu",NA,"M","20",136.309580975772,-0.0593878383583407
"S3","青椒","di","ct",NA,"HH_HH","MMMH",NA,1,"1","S3_1_ct","HH","HH",NA,"yinping","yinping",NA,"L","1",258.266458175965,0.619169609152176
"S3","青椒","di","ct",NA,"HH_HH","MMMH",NA,1,"1","S3_1_ct","HH","HH",NA,"yinping","yinping",NA,"L","2",252.533010810112,0.467512329139855
"S3","青椒","di","ct",NA,"HH_HH","MMMH",NA,1,"1","S3_1_ct","HH","HH",NA,"yinping","yinping",NA,"L","3",244.463045771087,0.248112384855964
"S3","青椒","di","ct",NA,"HH_HH","MMMH",NA,1,"1","S3_1_ct","HH","HH",NA,"yinping","yinping",NA,"L","4",239.691253590212,0.114946977659082
"S3","青椒","di","ct",NA,"HH_HH","MMMH",NA,1,"1","S3_1_ct","HH","HH",NA,"yinping","yinping",NA,"L","5",238.375869450117,0.0777725364464224
"S3","青椒","di","ct",NA,"HH_HH","MMMH",NA,1,"1","S3_1_ct","HH","HH",NA,"yinping","yinping",NA,"L","6",237.349153344204,0.0486133982929107
"S3","青椒","di","ct",NA,"HH_HH","MMMH",NA,1,"1","S3_1_ct","HH","HH",NA,"yinping","yinping",NA,"L","7",236.129556590335,0.013812023977886
"S3","青椒","di","ct",NA,"HH_HH","MMMH",NA,1,"1","S3_1_ct","HH","HH",NA,"yinping","yinping",NA,"L","8",234.773968717831,-0.0250814344775452
"S3","青椒","di","ct",NA,"HH_HH","MMMH",NA,1,"1","S3_1_ct","HH","HH",NA,"yinping","yinping",NA,"L","9",234.408506011158,-0.035605438432245
"S3","青椒","di","ct",NA,"HH_HH","MMMH",NA,1,"1","S3_1_ct","HH","HH",NA,"yinping","yinping",NA,"L","10",234.278222605152,-0.0393610968776532
"S3","青椒","di","ct",NA,"HH_HH","MMMH",NA,2,"1","S3_1_ct","HH","HH",NA,"yinping","yinping",NA,"L","11",231.85858332877,-0.109493829404686
"S3","青椒","di","ct",NA,"HH_HH","MMMH",NA,2,"1","S3_1_ct","HH","HH",NA,"yinping","yinping",NA,"L","12",230.745589269817,-0.141999847176552
"S3","青椒","di","ct",NA,"HH_HH","MMMH",NA,2,"1","S3_1_ct","HH","HH",NA,"yinping","yinping",NA,"L","13",230.373688608698,-0.15289650706242
"S3","青椒","di","ct",NA,"HH_HH","MMMH",NA,2,"1","S3_1_ct","HH","HH",NA,"yinping","yinping",NA,"L","14",228.624606928622,-0.204381511013131
"S3","青椒","di","ct",NA,"HH_HH","MMMH",NA,2,"1","S3_1_ct","HH","HH",NA,"yinping","yinping",NA,"L","15",230.239552025103,-0.156831015357752
"S3","青椒","di","ct",NA,"HH_HH","MMMH",NA,2,"1","S3_1_ct","HH","HH",NA,"yinping","yinping",NA,"L","16",233.378097735843,-0.0653660526249556
"S3","青椒","di","ct",NA,"HH_HH","MMMH",NA,2,"1","S3_1_ct","HH","HH",NA,"yinping","yinping",NA,"L","17",236.222211444616,0.0164622460567028
"S3","青椒","di","ct",NA,"HH_HH","MMMH",NA,2,"1","S3_1_ct","HH","HH",NA,"yinping","yinping",NA,"L","18",239.668642275283,0.114309677903505
"S3","青椒","di","ct",NA,"HH_HH","MMMH",NA,2,"1","S3_1_ct","HH","HH",NA,"yinping","yinping",NA,"L","19",243.770463733484,0.22894673447144
"S3","青椒","di","ct",NA,"HH_HH","MMMH",NA,2,"1","S3_1_ct","HH","HH",NA,"yinping","yinping",NA,"L","20",244.894371188253,0.260020927562116
"S3","书包","di","ct",NA,"HH_HH","MMMH",NA,1,"3","S3_3_ct","HH","HH",NA,"yinping","yinping",NA,"L","1",215.913477336862,-0.590813621803321
"S3","书包","di","ct",NA,"HH_HH","MMMH",NA,1,"3","S3_3_ct","HH","HH",NA,"yinping","yinping",NA,"L","2",220.8333269186,-0.438611716146456
"S3","书包","di","ct",NA,"HH_HH","MMMH",NA,1,"3","S3_3_ct","HH","HH",NA,"yinping","yinping",NA,"L","3",225.497683383982,-0.297413206696934
"S3","书包","di","ct",NA,"HH_HH","MMMH",NA,1,"3","S3_3_ct","HH","HH",NA,"yinping","yinping",NA,"L","4",228.890325477488,-0.19653464426379
"S3","书包","di","ct",NA,"HH_HH","MMMH",NA,1,"3","S3_3_ct","HH","HH",NA,"yinping","yinping",NA,"L","5",230.198697146007,-0.158029830353964
"S3","书包","di","ct",NA,"HH_HH","MMMH",NA,1,"3","S3_3_ct","HH","HH",NA,"yinping","yinping",NA,"L","6",230.838365395917,-0.139284251136775
"S3","书包","di","ct",NA,"HH_HH","MMMH",NA,1,"3","S3_3_ct","HH","HH",NA,"yinping","yinping",NA,"L","7",230.143366128724,-0.159653761559126
"S3","书包","di","ct",NA,"HH_HH","MMMH",NA,1,"3","S3_3_ct","HH","HH",NA,"yinping","yinping",NA,"L","8",228.297402227399,-0.21405664886163
"S3","书包","di","ct",NA,"HH_HH","MMMH",NA,1,"3","S3_3_ct","HH","HH",NA,"yinping","yinping",NA,"L","9",225.402696155199,-0.300259399086803
"S3","书包","di","ct",NA,"HH_HH","MMMH",NA,1,"3","S3_3_ct","HH","HH",NA,"yinping","yinping",NA,"L","10",222.609643504471,-0.384490873582139
"S3","书包","di","ct",NA,"HH_HH","MMMH",NA,2,"3","S3_3_ct","HH","HH",NA,"yinping","yinping",NA,"L","11",221.113182913612,-0.430056231932316
"S3","书包","di","ct",NA,"HH_HH","MMMH",NA,2,"3","S3_3_ct","HH","HH",NA,"yinping","yinping",NA,"L","12",222.28970772753,-0.394206722221632
"S3","书包","di","ct",NA,"HH_HH","MMMH",NA,2,"3","S3_3_ct","HH","HH",NA,"yinping","yinping",NA,"L","13",222.252744441787,-0.39533012879275
"S3","书包","di","ct",NA,"HH_HH","MMMH",NA,2,"3","S3_3_ct","HH","HH",NA,"yinping","yinping",NA,"L","14",221.957392816009,-0.404313318982816
"S3","书包","di","ct",NA,"HH_HH","MMMH",NA,2,"3","S3_3_ct","HH","HH",NA,"yinping","yinping",NA,"L","15",223.448733671019,-0.359075466289065
"S3","书包","di","ct",NA,"HH_HH","MMMH",NA,2,"3","S3_3_ct","HH","HH",NA,"yinping","yinping",NA,"L","16",227.200367596168,-0.2465964243723
"S3","书包","di","ct",NA,"HH_HH","MMMH",NA,2,"3","S3_3_ct","HH","HH",NA,"yinping","yinping",NA,"L","17",230.898725751473,-0.137518064236739
"S3","书包","di","ct",NA,"HH_HH","MMMH",NA,2,"3","S3_3_ct","HH","HH",NA,"yinping","yinping",NA,"L","18",234.158543389194,-0.0428129109971626
"S3","书包","di","ct",NA,"HH_HH","MMMH",NA,2,"3","S3_3_ct","HH","HH",NA,"yinping","yinping",NA,"L","19",237.52761022574,0.053690689005255
"S3","书包","di","ct",NA,"HH_HH","MMMH",NA,2,"3","S3_3_ct","HH","HH",NA,"yinping","yinping",NA,"L","20",240.680436342448,0.142768402893149
"S3","樱花","di","ct",NA,"HH_HH","MMMH",NA,1,"9","S3_9_ct","HH","HH",NA,"yinping","yinping",NA,"L","1",248.725636752877,0.36488768819867
"S3","樱花","di","ct",NA,"HH_HH","MMMH",NA,1,"9","S3_9_ct","HH","HH",NA,"yinping","yinping",NA,"L","2",241.896939264857,0.176826999540843
"S3","樱花","di","ct",NA,"HH_HH","MMMH",NA,1,"9","S3_9_ct","HH","HH",NA,"yinping","yinping",NA,"L","3",233.269084276359,-0.0685223005676323
"S3","樱花","di","ct",NA,"HH_HH","MMMH",NA,1,"9","S3_9_ct","HH","HH",NA,"yinping","yinping",NA,"L","4",235.050071274907,-0.0171415373816457
"S3","樱花","di","ct",NA,"HH_HH","MMMH",NA,1,"9","S3_9_ct","HH","HH",NA,"yinping","yinping",NA,"L","5",236.657485825939,0.0288985747314274
"S3","樱花","di","ct",NA,"HH_HH","MMMH",NA,1,"9","S3_9_ct","HH","HH",NA,"yinping","yinping",NA,"L","6",237.067125288915,0.0405816070612956
"S3","樱花","di","ct",NA,"HH_HH","MMMH",NA,1,"9","S3_9_ct","HH","HH",NA,"yinping","yinping",NA,"L","7",237.537549357708,0.0539733558726539
"S3","樱花","di","ct",NA,"HH_HH","MMMH",NA,1,"9","S3_9_ct","HH","HH",NA,"yinping","yinping",NA,"L","8",237.06658154924,0.0405661128375798
"S3","樱花","di","ct",NA,"HH_HH","MMMH",NA,1,"9","S3_9_ct","HH","HH",NA,"yinping","yinping",NA,"L","9",235.251211044906,-0.0113632193283382
"S3","樱花","di","ct",NA,"HH_HH","MMMH",NA,1,"9","S3_9_ct","HH","HH",NA,"yinping","yinping",NA,"L","10",239.836012999975,0.119025596678653
"S3","樱花","di","ct",NA,"HH_HH","MMMH",NA,2,"9","S3_9_ct","HH","HH",NA,"yinping","yinping",NA,"L","11",255.351746003182,0.542497120690488
"S3","樱花","di","ct",NA,"HH_HH","MMMH",NA,2,"9","S3_9_ct","HH","HH",NA,"yinping","yinping",NA,"L","12",244.322126303292,0.244217159273168
"S3","樱花","di","ct",NA,"HH_HH","MMMH",NA,2,"9","S3_9_ct","HH","HH",NA,"yinping","yinping",NA,"L","13",232.950292870286,-0.0777606839957599
"S3","樱花","di","ct",NA,"HH_HH","MMMH",NA,2,"9","S3_9_ct","HH","HH",NA,"yinping","yinping",NA,"L","14",233.036756513831,-0.0752537706600606
"S3","樱花","di","ct",NA,"HH_HH","MMMH",NA,2,"9","S3_9_ct","HH","HH",NA,"yinping","yinping",NA,"L","15",235.530226973923,-0.00335585945009971
"S3","樱花","di","ct",NA,"HH_HH","MMMH",NA,2,"9","S3_9_ct","HH","HH",NA,"yinping","yinping",NA,"L","16",240.043126495345,0.124856773135213
"S3","樱花","di","ct",NA,"HH_HH","MMMH",NA,2,"9","S3_9_ct","HH","HH",NA,"yinping","yinping",NA,"L","17",247.574063662493,0.333538384128025
"S3","樱花","di","ct",NA,"HH_HH","MMMH",NA,2,"9","S3_9_ct","HH","HH",NA,"yinping","yinping",NA,"L","18",254.5919273102,0.522366010906016
"S3","樱花","di","ct",NA,"HH_HH","MMMH",NA,2,"9","S3_9_ct","HH","HH",NA,"yinping","yinping",NA,"L","19",257.350325134081,0.595164063121841
"S3","樱花","di","ct",NA,"HH_HH","MMMH",NA,2,"9","S3_9_ct","HH","HH",NA,"yinping","yinping",NA,"L","20",259.036030683625,0.639269094023285
"S3","青菜","di","ct",NA,"HH_HL","MMMH",NA,1,"11","S3_11_ct","HH","HL",NA,"yinping","yinqu",NA,"L","1",260.643128692742,0.681050983593337
"S3","青菜","di","ct",NA,"HH_HL","MMMH",NA,1,"11","S3_11_ct","HH","HL",NA,"yinping","yinqu",NA,"L","2",256.943660331781,0.584480776994908
"S3","青菜","di","ct",NA,"HH_HL","MMMH",NA,1,"11","S3_11_ct","HH","HL",NA,"yinping","yinqu",NA,"L","3",249.501608098188,0.385930229716798
"S3","青菜","di","ct",NA,"HH_HL","MMMH",NA,1,"11","S3_11_ct","HH","HL",NA,"yinping","yinqu",NA,"L","4",246.604254499531,0.307023924305887
"S3","青菜","di","ct",NA,"HH_HL","MMMH",NA,1,"11","S3_11_ct","HH","HL",NA,"yinping","yinqu",NA,"L","5",245.94462294777,0.288930033007511
"S3","青菜","di","ct",NA,"HH_HL","MMMH",NA,1,"11","S3_11_ct","HH","HL",NA,"yinping","yinqu",NA,"L","6",243.977708762541,0.234687477773693
"S3","青菜","di","ct",NA,"HH_HL","MMMH",NA,1,"11","S3_11_ct","HH","HL",NA,"yinping","yinqu",NA,"L","7",241.428014121728,0.163718769080822
"S3","青菜","di","ct",NA,"HH_HL","MMMH",NA,1,"11","S3_11_ct","HH","HL",NA,"yinping","yinqu",NA,"L","8",239.483391308208,0.10908611535021
"S3","青菜","di","ct",NA,"HH_HL","MMMH",NA,1,"11","S3_11_ct","HH","HL",NA,"yinping","yinqu",NA,"L","9",237.973078159593,0.0663481050304372
"S3","青菜","di","ct",NA,"HH_HL","MMMH",NA,1,"11","S3_11_ct","HH","HL",NA,"yinping","yinqu",NA,"L","10",242.879281153325,0.204204990738364
"S3","青菜","di","ct",NA,"HH_HL","MMMH",NA,2,"11","S3_11_ct","HH","HL",NA,"yinping","yinqu",NA,"L","11",257.071079907584,0.58782997034772
"S3","青菜","di","ct",NA,"HH_HL","MMMH",NA,2,"11","S3_11_ct","HH","HL",NA,"yinping","yinqu",NA,"L","12",260.445868578335,0.675936438308113
"S3","青菜","di","ct",NA,"HH_HL","MMMH",NA,2,"11","S3_11_ct","HH","HL",NA,"yinping","yinqu",NA,"L","13",250.806953780938,0.421180968029954
"S3","青菜","di","ct",NA,"HH_HL","MMMH",NA,2,"11","S3_11_ct","HH","HL",NA,"yinping","yinqu",NA,"L","14",246.672371083729,0.30888962493465
"S3","青菜","di","ct",NA,"HH_HL","MMMH",NA,2,"11","S3_11_ct","HH","HL",NA,"yinping","yinqu",NA,"L","15",249.779891923234,0.393460701140982
"S3","青菜","di","ct",NA,"HH_HL","MMMH",NA,2,"11","S3_11_ct","HH","HL",NA,"yinping","yinqu",NA,"L","16",254.807312787897,0.528078663066316
"S3","青菜","di","ct",NA,"HH_HL","MMMH",NA,2,"11","S3_11_ct","HH","HL",NA,"yinping","yinqu",NA,"L","17",260.042656957008,0.66546993540906
"S3","青菜","di","ct",NA,"HH_HL","MMMH",NA,2,"11","S3_11_ct","HH","HL",NA,"yinping","yinqu",NA,"L","18",263.588451823184,0.756960105532277
"S3","青菜","di","ct",NA,"HH_HL","MMMH",NA,2,"11","S3_11_ct","HH","HL",NA,"yinping","yinqu",NA,"L","19",263.504396405388,0.754805547375268
"S3","青菜","di","ct",NA,"HH_HL","MMMH",NA,2,"11","S3_11_ct","HH","HL",NA,"yinping","yinqu",NA,"L","20",260.579216132857,0.679394287610215
"S3","樱桃","di","ct",NA,"HH_RF","MMMH",NA,1,"17","S3_17_ct","HH","LHL",NA,"yinping","yangping",NA,"L","1",220.342059844084,-0.453656508308135
"S3","樱桃","di","ct",NA,"HH_RF","MMMH",NA,1,"17","S3_17_ct","HH","LHL",NA,"yinping","yangping",NA,"L","2",229.1008675098,-0.190323646903464
"S3","樱桃","di","ct",NA,"HH_RF","MMMH",NA,1,"17","S3_17_ct","HH","LHL",NA,"yinping","yangping",NA,"L","3",222.789782858663,-0.37902652241154
"S3","樱桃","di","ct",NA,"HH_RF","MMMH",NA,1,"17","S3_17_ct","HH","LHL",NA,"yinping","yangping",NA,"L","4",221.515333350424,-0.41778102267067
"S3","樱桃","di","ct",NA,"HH_RF","MMMH",NA,1,"17","S3_17_ct","HH","LHL",NA,"yinping","yangping",NA,"L","5",221.986872168905,-0.40341616058485
"S3","樱桃","di","ct",NA,"HH_RF","MMMH",NA,1,"17","S3_17_ct","HH","LHL",NA,"yinping","yangping",NA,"L","6",221.936379486867,-0.404952899817553
"S3","樱桃","di","ct",NA,"HH_RF","MMMH",NA,1,"17","S3_17_ct","HH","LHL",NA,"yinping","yangping",NA,"L","7",221.187376492054,-0.427789874191507
"S3","樱桃","di","ct",NA,"HH_RF","MMMH",NA,1,"17","S3_17_ct","HH","LHL",NA,"yinping","yangping",NA,"L","8",219.910601262759,-0.466897389554144
"S3","樱桃","di","ct",NA,"HH_RF","MMMH",NA,1,"17","S3_17_ct","HH","LHL",NA,"yinping","yangping",NA,"L","9",218.387165558932,-0.513858272175175
"S3","樱桃","di","ct",NA,"HH_RF","MMMH",NA,1,"17","S3_17_ct","HH","LHL",NA,"yinping","yangping",NA,"L","10",215.919090853861,-0.590637991569658
"S3","樱桃","di","ct",NA,"HH_RF","MMMH",NA,2,"17","S3_17_ct","HH","LHL",NA,"yinping","yangping",NA,"L","11",214.160470739486,-0.645884556801612
"S3","樱桃","di","ct",NA,"HH_RF","MMMH",NA,2,"17","S3_17_ct","HH","LHL",NA,"yinping","yangping",NA,"L","12",208.915915991577,-0.813375648708528
"S3","樱桃","di","ct",NA,"HH_RF","MMMH",NA,2,"17","S3_17_ct","HH","LHL",NA,"yinping","yangping",NA,"L","13",201.710641162167,-1.05047355869527
"S3","樱桃","di","ct",NA,"HH_RF","MMMH",NA,2,"17","S3_17_ct","HH","LHL",NA,"yinping","yangping",NA,"L","14",200.8958899854,-1.07781518879595
"S3","樱桃","di","ct",NA,"HH_RF","MMMH",NA,2,"17","S3_17_ct","HH","LHL",NA,"yinping","yangping",NA,"L","15",205.095370680949,-0.938058042623922
"S3","樱桃","di","ct",NA,"HH_RF","MMMH",NA,2,"17","S3_17_ct","HH","LHL",NA,"yinping","yangping",NA,"L","16",211.038354527671,-0.745092042650202
"S3","樱桃","di","ct",NA,"HH_RF","MMMH",NA,2,"17","S3_17_ct","HH","LHL",NA,"yinping","yangping",NA,"L","17",216.534559622755,-0.571409448650063
"S3","樱桃","di","ct",NA,"HH_RF","MMMH",NA,2,"17","S3_17_ct","HH","LHL",NA,"yinping","yangping",NA,"L","18",222.511390535091,-0.387473145261407
"S3","樱桃","di","ct",NA,"HH_RF","MMMH",NA,2,"17","S3_17_ct","HH","LHL",NA,"yinping","yangping",NA,"L","19",230.888768717064,-0.13780938233778
"S3","樱桃","di","ct",NA,"HH_RF","MMMH",NA,2,"17","S3_17_ct","HH","LHL",NA,"yinping","yangping",NA,"L","20",235.035025106122,-0.0175739805862992
"S3","书房","di","ct",NA,"HH_RF","MMMH",NA,1,"21","S3_21_ct","HH","LHL",NA,"yinping","yangping",NA,"L","1",198.794196217223,-1.14885956298822
"S3","书房","di","ct",NA,"HH_RF","MMMH",NA,1,"21","S3_21_ct","HH","LHL",NA,"yinping","yangping",NA,"L","2",212.653993354815,-0.69357209699826
"S3","书房","di","ct",NA,"HH_RF","MMMH",NA,1,"21","S3_21_ct","HH","LHL",NA,"yinping","yangping",NA,"L","3",219.814407195416,-0.469852997050007
"S3","书房","di","ct",NA,"HH_RF","MMMH",NA,1,"21","S3_21_ct","HH","LHL",NA,"yinping","yangping",NA,"L","4",221.321581474346,-0.423692305755893
"S3","书房","di","ct",NA,"HH_RF","MMMH",NA,1,"21","S3_21_ct","HH","LHL",NA,"yinping","yangping",NA,"L","5",223.40035135268,-0.360538335277734
"S3","书房","di","ct",NA,"HH_RF","MMMH",NA,1,"21","S3_21_ct","HH","LHL",NA,"yinping","yangping",NA,"L","6",225.552249969046,-0.295778718516388
"S3","书房","di","ct",NA,"HH_RF","MMMH",NA,1,"21","S3_21_ct","HH","LHL",NA,"yinping","yangping",NA,"L","7",226.489448438292,-0.267767414640427
"S3","书房","di","ct",NA,"HH_RF","MMMH",NA,1,"21","S3_21_ct","HH","LHL",NA,"yinping","yangping",NA,"L","8",225.741317778248,-0.290118436058432
"S3","书房","di","ct",NA,"HH_RF","MMMH",NA,1,"21","S3_21_ct","HH","LHL",NA,"yinping","yangping",NA,"L","9",223.488636281005,-0.357869224790397
"S3","书房","di","ct",NA,"HH_RF","MMMH",NA,1,"21","S3_21_ct","HH","LHL",NA,"yinping","yangping",NA,"L","10",220.456735053881,-0.450141642211334
"S3","书房","di","ct",NA,"HH_RF","MMMH",NA,2,"21","S3_21_ct","HH","LHL",NA,"yinping","yangping",NA,"L","11",217.810735483492,-0.531712576936528
"S3","书房","di","ct",NA,"HH_RF","MMMH",NA,2,"21","S3_21_ct","HH","LHL",NA,"yinping","yangping",NA,"L","12",214.579251575683,-0.632687628852657
"S3","书房","di","ct",NA,"HH_RF","MMMH",NA,2,"21","S3_21_ct","HH","LHL",NA,"yinping","yangping",NA,"L","13",216.209133436311,-0.581569630046544
"S3","书房","di","ct",NA,"HH_RF","MMMH",NA,2,"21","S3_21_ct","HH","LHL",NA,"yinping","yangping",NA,"L","14",221.678793702292,-0.412797940112682
"S3","书房","di","ct",NA,"HH_RF","MMMH",NA,2,"21","S3_21_ct","HH","LHL",NA,"yinping","yangping",NA,"L","15",228.202421332758,-0.216867742279621
"S3","书房","di","ct",NA,"HH_RF","MMMH",NA,2,"21","S3_21_ct","HH","LHL",NA,"yinping","yangping",NA,"L","16",235.541861190222,-0.00302218005339555
"S3","书房","di","ct",NA,"HH_RF","MMMH",NA,2,"21","S3_21_ct","HH","LHL",NA,"yinping","yangping",NA,"L","17",240.74693193499,0.144634532132721
"S3","书房","di","ct",NA,"HH_RF","MMMH",NA,2,"21","S3_21_ct","HH","LHL",NA,"yinping","yangping",NA,"L","18",237.943578828337,0.0655106511561738
"S3","书房","di","ct",NA,"HH_RF","MMMH",NA,2,"21","S3_21_ct","HH","LHL",NA,"yinping","yangping",NA,"L","19",222.492497880786,-0.388046744812112
"S3","书房","di","ct",NA,"HH_RF","MMMH",NA,2,"21","S3_21_ct","HH","LHL",NA,"yinping","yangping",NA,"L","20",205.946219961193,-0.910090963016305
"S3","青豆","di","ct",NA,"HH_LH","MMMH",NA,1,"25","S3_25_ct","HH","LH",NA,"yinping","yangqu",NA,"L","1",238.179215046499,0.072197211003813
"S3","青豆","di","ct",NA,"HH_LH","MMMH",NA,1,"25","S3_25_ct","HH","LH",NA,"yinping","yangqu",NA,"L","2",244.901249166428,0.260210652983488
"S3","青豆","di","ct",NA,"HH_LH","MMMH",NA,1,"25","S3_25_ct","HH","LH",NA,"yinping","yangqu",NA,"L","3",237.493948018651,0.0527332548898438
"S3","青豆","di","ct",NA,"HH_LH","MMMH",NA,1,"25","S3_25_ct","HH","LH",NA,"yinping","yangqu",NA,"L","4",230.372304450615,-0.152937095632943
"S3","青豆","di","ct",NA,"HH_LH","MMMH",NA,1,"25","S3_25_ct","HH","LH",NA,"yinping","yangqu",NA,"L","5",227.752021466416,-0.230213909821246
"S3","青豆","di","ct",NA,"HH_LH","MMMH",NA,1,"25","S3_25_ct","HH","LH",NA,"yinping","yangqu",NA,"L","6",225.679271110531,-0.291975456703865
"S3","青豆","di","ct",NA,"HH_LH","MMMH",NA,1,"25","S3_25_ct","HH","LH",NA,"yinping","yangqu",NA,"L","7",223.037181744836,-0.371529115492636
"S3","青豆","di","ct",NA,"HH_LH","MMMH",NA,1,"25","S3_25_ct","HH","LH",NA,"yinping","yangqu",NA,"L","8",220.162780561652,-0.459155196260114
"S3","青豆","di","ct",NA,"HH_LH","MMMH",NA,1,"25","S3_25_ct","HH","LH",NA,"yinping","yangqu",NA,"L","9",216.526884113043,-0.571648911053029
"S3","青豆","di","ct",NA,"HH_LH","MMMH",NA,1,"25","S3_25_ct","HH","LH",NA,"yinping","yangqu",NA,"L","10",212.338843731154,-0.703590878196682
"S3","青豆","di","ct",NA,"HH_LH","MMMH",NA,2,"25","S3_25_ct","HH","LH",NA,"yinping","yangqu",NA,"L","11",209.694767061324,-0.788238023633622
"S3","青豆","di","ct",NA,"HH_LH","MMMH",NA,2,"25","S3_25_ct","HH","LH",NA,"yinping","yangqu",NA,"L","12",211.926466565006,-0.71672305899199
"S3","青豆","di","ct",NA,"HH_LH","MMMH",NA,2,"25","S3_25_ct","HH","LH",NA,"yinping","yangqu",NA,"L","13",215.834897316456,-0.593272636140084
"S3","青豆","di","ct",NA,"HH_LH","MMMH",NA,2,"25","S3_25_ct","HH","LH",NA,"yinping","yangqu",NA,"L","14",222.801776591785,-0.378662861137902
"S3","青豆","di","ct",NA,"HH_LH","MMMH",NA,2,"25","S3_25_ct","HH","LH",NA,"yinping","yangqu",NA,"L","15",232.195665953675,-0.0996798007922215
"S3","青豆","di","ct",NA,"HH_LH","MMMH",NA,2,"25","S3_25_ct","HH","LH",NA,"yinping","yangqu",NA,"L","16",241.904944608344,0.177050558483036
"S3","青豆","di","ct",NA,"HH_LH","MMMH",NA,2,"25","S3_25_ct","HH","LH",NA,"yinping","yangqu",NA,"L","17",251.184132257312,0.431332477130053
"S3","青豆","di","ct",NA,"HH_LH","MMMH",NA,2,"25","S3_25_ct","HH","LH",NA,"yinping","yangqu",NA,"L","18",253.518572615592,0.49382526187556
"S3","青豆","di","ct",NA,"HH_LH","MMMH",NA,2,"25","S3_25_ct","HH","LH",NA,"yinping","yangqu",NA,"L","19",242.907938709812,0.205002017130492
"S3","青豆","di","ct",NA,"HH_LH","MMMH",NA,2,"25","S3_25_ct","HH","LH",NA,"yinping","yangqu",NA,"L","20",220.967170281059,-0.434518635688794
"S3","新店","di","ct",NA,"HL_HL","HMML","HHML",1,"38","S3_38_ct","HL","HL",NA,"yinping","yinqu",NA,"M","1",304.53396072972,1.73239353079125
"S3","新店","di","ct",NA,"HL_HL","HMML","HHML",1,"38","S3_38_ct","HL","HL",NA,"yinping","yinqu",NA,"M","2",346.191957080659,2.59850590739341
"S3","新店","di","ct",NA,"HL_HL","HMML","HHML",1,"38","S3_38_ct","HL","HL",NA,"yinping","yinqu",NA,"M","3",364.972281834768,2.95537899965793
"S3","新店","di","ct",NA,"HL_HL","HMML","HHML",1,"38","S3_38_ct","HL","HL",NA,"yinping","yinqu",NA,"M","4",359.988283509708,2.86249306050928
"S3","新店","di","ct",NA,"HL_HL","HMML","HHML",1,"38","S3_38_ct","HL","HL",NA,"yinping","yinqu",NA,"M","5",354.743627145107,2.76335023526853
"S3","新店","di","ct",NA,"HL_HL","HMML","HHML",1,"38","S3_38_ct","HL","HL",NA,"yinping","yinqu",NA,"M","6",348.53351613834,2.64404382502154
"S3","新店","di","ct",NA,"HL_HL","HMML","HHML",1,"38","S3_38_ct","HL","HL",NA,"yinping","yinqu",NA,"M","7",343.492559460397,2.54562508114415
"S3","新店","di","ct",NA,"HL_HL","HMML","HHML",1,"38","S3_38_ct","HL","HL",NA,"yinping","yinqu",NA,"M","8",342.432062272448,2.52473629974947
"S3","新店","di","ct",NA,"HL_HL","HMML","HHML",1,"38","S3_38_ct","HL","HL",NA,"yinping","yinqu",NA,"M","9",341.129205782683,2.49898499195494
"S3","新店","di","ct",NA,"HL_HL","HMML","HHML",1,"38","S3_38_ct","HL","HL",NA,"yinping","yinqu",NA,"M","10",331.077201384795,2.29693351611167
"S3","新店","di","ct",NA,"HL_HL","HMML","HHML",2,"38","S3_38_ct","HL","HL",NA,"yinping","yinqu",NA,"M","11",304.428079851376,1.73004440134957
"S3","新店","di","ct",NA,"HL_HL","HMML","HHML",2,"38","S3_38_ct","HL","HL",NA,"yinping","yinqu",NA,"M","12",274.90345515493,1.04089519326693
"S3","新店","di","ct",NA,"HL_HL","HMML","HHML",2,"38","S3_38_ct","HL","HL",NA,"yinping","yinqu",NA,"M","13",255.423460319568,0.544394069834549
"S3","新店","di","ct",NA,"HL_HL","HMML","HHML",2,"38","S3_38_ct","HL","HL",NA,"yinping","yinqu",NA,"M","14",240.806039952379,0.146292904135468
"S3","新店","di","ct",NA,"HL_HL","HMML","HHML",2,"38","S3_38_ct","HL","HL",NA,"yinping","yinqu",NA,"M","15",225.447007784685,-0.298931498498156
"S3","新店","di","ct",NA,"HL_HL","HMML","HHML",2,"38","S3_38_ct","HL","HL",NA,"yinping","yinqu",NA,"M","16",212.754705867504,-0.690373520786856
"S3","新店","di","ct",NA,"HL_HL","HMML","HHML",2,"38","S3_38_ct","HL","HL",NA,"yinping","yinqu",NA,"M","17",204.600356305033,-0.954382404690107
"S3","新店","di","ct",NA,"HL_HL","HMML","HHML",2,"38","S3_38_ct","HL","HL",NA,"yinping","yinqu",NA,"M","18",200.495711474157,-1.09128511625597
"S3","新店","di","ct",NA,"HL_HL","HMML","HHML",2,"38","S3_38_ct","HL","HL",NA,"yinping","yinqu",NA,"M","19",199.853283059779,-1.11296545193225
"S3","新店","di","ct",NA,"HL_HL","HMML","HHML",2,"38","S3_38_ct","HL","HL",NA,"yinping","yinqu",NA,"M","20",204.512681732939,-0.95727781403259
"S3","新车","di","ct",NA,"HL_HH","MMMH","LLRF",1,"45","S3_45_ct","HL","HH",NA,"yinping","yinping",NA,"M","1",210.41527347241,-0.76506648652109
"S3","新车","di","ct",NA,"HL_HH","MMMH","LLRF",1,"45","S3_45_ct","HL","HH",NA,"yinping","yinping",NA,"M","2",216.910212753924,-0.55970009339331
"S3","新车","di","ct",NA,"HL_HH","MMMH","LLRF",1,"45","S3_45_ct","HL","HH",NA,"yinping","yinping",NA,"M","3",216.103859770099,-0.584859669439022
"S3","新车","di","ct",NA,"HL_HH","MMMH","LLRF",1,"45","S3_45_ct","HL","HH",NA,"yinping","yinping",NA,"M","4",211.514573592907,-0.729865353681262
"S3","新车","di","ct",NA,"HL_HH","MMMH","LLRF",1,"45","S3_45_ct","HL","HH",NA,"yinping","yinping",NA,"M","5",210.148736296986,-0.773629080961893
"S3","新车","di","ct",NA,"HL_HH","MMMH","LLRF",1,"45","S3_45_ct","HL","HH",NA,"yinping","yinping",NA,"M","6",211.936567787599,-0.716401079634991
"S3","新车","di","ct",NA,"HL_HH","MMMH","LLRF",1,"45","S3_45_ct","HL","HH",NA,"yinping","yinping",NA,"M","7",214.388770924633,-0.638686998293222
"S3","新车","di","ct",NA,"HL_HH","MMMH","LLRF",1,"45","S3_45_ct","HL","HH",NA,"yinping","yinping",NA,"M","8",215.513432012987,-0.603341621177841
"S3","新车","di","ct",NA,"HL_HH","MMMH","LLRF",1,"45","S3_45_ct","HL","HH",NA,"yinping","yinping",NA,"M","9",216.097585409045,-0.585055807971538
"S3","新车","di","ct",NA,"HL_HH","MMMH","LLRF",1,"45","S3_45_ct","HL","HH",NA,"yinping","yinping",NA,"M","10",221.710873851536,-0.411820409329647
"S3","新车","di","ct",NA,"HL_HH","MMMH","LLRF",2,"45","S3_45_ct","HL","HH",NA,"yinping","yinping",NA,"M","11",231.810187928759,-0.110904013684323
"S3","新车","di","ct",NA,"HL_HH","MMMH","LLRF",2,"45","S3_45_ct","HL","HH",NA,"yinping","yinping",NA,"M","12",226.949964429148,-0.254045799686486
"S3","新车","di","ct",NA,"HL_HH","MMMH","LLRF",2,"45","S3_45_ct","HL","HH",NA,"yinping","yinping",NA,"M","13",215.724303862403,-0.596734967913102
"S3","新车","di","ct",NA,"HL_HH","MMMH","LLRF",2,"45","S3_45_ct","HL","HH",NA,"yinping","yinping",NA,"M","14",220.377386926132,-0.452573516469577
"S3","新车","di","ct",NA,"HL_HH","MMMH","LLRF",2,"45","S3_45_ct","HL","HH",NA,"yinping","yinping",NA,"M","15",232.154701970035,-0.100871690367326
"S3","新车","di","ct",NA,"HL_HH","MMMH","LLRF",2,"45","S3_45_ct","HL","HH",NA,"yinping","yinping",NA,"M","16",241.908594002173,0.177152469784149
"S3","新车","di","ct",NA,"HL_HH","MMMH","LLRF",2,"45","S3_45_ct","HL","HH",NA,"yinping","yinping",NA,"M","17",243.309840869375,0.216169858412458
"S3","新车","di","ct",NA,"HL_HH","MMMH","LLRF",2,"45","S3_45_ct","HL","HH",NA,"yinping","yinping",NA,"M","18",235.655690965803,0.0002416872412543
"S3","新车","di","ct",NA,"HL_HH","MMMH","LLRF",2,"45","S3_45_ct","HL","HH",NA,"yinping","yinping",NA,"M","19",218.680782728903,-0.504781902325725
"S3","新车","di","ct",NA,"HL_HH","MMMH","LLRF",2,"45","S3_45_ct","HL","HH",NA,"yinping","yinping",NA,"M","20",201.665470584546,-1.05198651052414
"S3","新房","di","ct",NA,"HL_RF","MMMH",NA,1,"47","S3_47_ct","HL","LHL",NA,"yinping","yangping",NA,"M","1",213.146074860151,-0.677958206139809
"S3","新房","di","ct",NA,"HL_RF","MMMH",NA,1,"47","S3_47_ct","HL","LHL",NA,"yinping","yangping",NA,"M","2",223.521618894826,-0.35687233484901
"S3","新房","di","ct",NA,"HL_RF","MMMH",NA,1,"47","S3_47_ct","HL","LHL",NA,"yinping","yangping",NA,"M","3",219.042828911958,-0.493607000192287
"S3","新房","di","ct",NA,"HL_RF","MMMH",NA,1,"47","S3_47_ct","HL","LHL",NA,"yinping","yangping",NA,"M","4",216.603842006015,-0.569248344173908
"S3","新房","di","ct",NA,"HL_RF","MMMH",NA,1,"47","S3_47_ct","HL","LHL",NA,"yinping","yangping",NA,"M","5",217.619962622934,-0.537631970363137
"S3","新房","di","ct",NA,"HL_RF","MMMH",NA,1,"47","S3_47_ct","HL","LHL",NA,"yinping","yangping",NA,"M","6",217.451542697782,-0.542862100333298
"S3","新房","di","ct",NA,"HL_RF","MMMH",NA,1,"47","S3_47_ct","HL","LHL",NA,"yinping","yangping",NA,"M","7",215.743990515346,-0.596118511141415
"S3","新房","di","ct",NA,"HL_RF","MMMH",NA,1,"47","S3_47_ct","HL","LHL",NA,"yinping","yangping",NA,"M","8",214.262272514618,-0.642674132224572
"S3","新房","di","ct",NA,"HL_RF","MMMH",NA,1,"47","S3_47_ct","HL","LHL",NA,"yinping","yangping",NA,"M","9",212.443462395127,-0.700263345051815
"S3","新房","di","ct",NA,"HL_RF","MMMH",NA,1,"47","S3_47_ct","HL","LHL",NA,"yinping","yangping",NA,"M","10",208.326187445298,-0.832471716325172
"S3","新房","di","ct",NA,"HL_RF","MMMH",NA,2,"47","S3_47_ct","HL","LHL",NA,"yinping","yangping",NA,"M","11",203.924294927069,-0.976741173476327
"S3","新房","di","ct",NA,"HL_RF","MMMH",NA,2,"47","S3_47_ct","HL","LHL",NA,"yinping","yangping",NA,"M","12",203.488756435905,-0.991184638709864
"S3","新房","di","ct",NA,"HL_RF","MMMH",NA,2,"47","S3_47_ct","HL","LHL",NA,"yinping","yangping",NA,"M","13",203.949727284026,-0.975898731117521
"S3","新房","di","ct",NA,"HL_RF","MMMH",NA,2,"47","S3_47_ct","HL","LHL",NA,"yinping","yangping",NA,"M","14",206.295122246718,-0.898656072661757
"S3","新房","di","ct",NA,"HL_RF","MMMH",NA,2,"47","S3_47_ct","HL","LHL",NA,"yinping","yangping",NA,"M","15",210.851728699287,-0.751068613740063
"S3","新房","di","ct",NA,"HL_RF","MMMH",NA,2,"47","S3_47_ct","HL","LHL",NA,"yinping","yangping",NA,"M","16",215.838842500641,-0.593149157657528
"S3","新房","di","ct",NA,"HL_RF","MMMH",NA,2,"47","S3_47_ct","HL","LHL",NA,"yinping","yangping",NA,"M","17",220.944161171976,-0.435222103606206
"S3","新房","di","ct",NA,"HL_RF","MMMH",NA,2,"47","S3_47_ct","HL","LHL",NA,"yinping","yangping",NA,"M","18",225.293981600212,-0.303518388684106
"S3","新房","di","ct",NA,"HL_RF","MMMH",NA,2,"47","S3_47_ct","HL","LHL",NA,"yinping","yangping",NA,"M","19",225.722859272926,-0.290670835035856
"S3","新房","di","ct",NA,"HL_RF","MMMH",NA,2,"47","S3_47_ct","HL","LHL",NA,"yinping","yangping",NA,"M","20",221.122297063259,-0.429777785150607
"S3","新路","di","ct",NA,"HL_LH","MMMH",NA,1,"51","S3_51_ct","HL","LH",NA,"yinping","yangqu",NA,"M","1",211.779682248335,-0.72140358363683
"S3","新路","di","ct",NA,"HL_LH","MMMH",NA,1,"51","S3_51_ct","HL","LH",NA,"yinping","yangqu",NA,"M","2",231.96497033031,-0.106394873423418
"S3","新路","di","ct",NA,"HL_LH","MMMH",NA,1,"51","S3_51_ct","HL","LH",NA,"yinping","yangqu",NA,"M","3",233.341116017797,-0.0664366126777993
"S3","新路","di","ct",NA,"HL_LH","MMMH",NA,1,"51","S3_51_ct","HL","LH",NA,"yinping","yangqu",NA,"M","4",230.458554739147,-0.150408387891385
"S3","新路","di","ct",NA,"HL_LH","MMMH",NA,1,"51","S3_51_ct","HL","LH",NA,"yinping","yangqu",NA,"M","5",227.650420060062,-0.23322819266754
"S3","新路","di","ct",NA,"HL_LH","MMMH",NA,1,"51","S3_51_ct","HL","LH",NA,"yinping","yangqu",NA,"M","6",225.623277205507,-0.293651760014806
"S3","新路","di","ct",NA,"HL_LH","MMMH",NA,1,"51","S3_51_ct","HL","LH",NA,"yinping","yangqu",NA,"M","7",224.628603864086,-0.323499075706714
"S3","新路","di","ct",NA,"HL_LH","MMMH",NA,1,"51","S3_51_ct","HL","LH",NA,"yinping","yangqu",NA,"M","8",224.837219524535,-0.317228175435587
"S3","新路","di","ct",NA,"HL_LH","MMMH",NA,1,"51","S3_51_ct","HL","LH",NA,"yinping","yangqu",NA,"M","9",225.521999460441,-0.29668479378499
"S3","新路","di","ct",NA,"HL_LH","MMMH",NA,1,"51","S3_51_ct","HL","LH",NA,"yinping","yangqu",NA,"M","10",223.306408858434,-0.363379649063137
"S3","新路","di","ct",NA,"HL_LH","MMMH",NA,2,"51","S3_51_ct","HL","LH",NA,"yinping","yangqu",NA,"M","11",217.255644891543,-0.548950629783061
"S3","新路","di","ct",NA,"HL_LH","MMMH",NA,2,"51","S3_51_ct","HL","LH",NA,"yinping","yangqu",NA,"M","12",215.938308158333,-0.590036773899077
"S3","新路","di","ct",NA,"HL_LH","MMMH",NA,2,"51","S3_51_ct","HL","LH",NA,"yinping","yangqu",NA,"M","13",218.307748745321,-0.516315321974429
"S3","新路","di","ct",NA,"HL_LH","MMMH",NA,2,"51","S3_51_ct","HL","LH",NA,"yinping","yangqu",NA,"M","14",222.654950775789,-0.383116105705884
"S3","新路","di","ct",NA,"HL_LH","MMMH",NA,2,"51","S3_51_ct","HL","LH",NA,"yinping","yangqu",NA,"M","15",230.089984366632,-0.161220853406021
"S3","新路","di","ct",NA,"HL_LH","MMMH",NA,2,"51","S3_51_ct","HL","LH",NA,"yinping","yangqu",NA,"M","16",240.418404448014,0.135409729642324
"S3","新路","di","ct",NA,"HL_LH","MMMH",NA,2,"51","S3_51_ct","HL","LH",NA,"yinping","yangqu",NA,"M","17",253.572680735292,0.495266898988952
"S3","新路","di","ct",NA,"HL_LH","MMMH",NA,2,"51","S3_51_ct","HL","LH",NA,"yinping","yangqu",NA,"M","18",264.314136355301,0.775532759982256
"S3","新路","di","ct",NA,"HL_LH","MMMH",NA,2,"51","S3_51_ct","HL","LH",NA,"yinping","yangqu",NA,"M","19",266.833641240753,0.839621646113769
"S3","新路","di","ct",NA,"HL_LH","MMMH",NA,2,"51","S3_51_ct","HL","LH",NA,"yinping","yangqu",NA,"M","20",261.915917252543,0.713958975500756
"S4","青椒","di","ct",NA,"HL_HL","MMMH",NA,1,"1","S4_1_ct","HL","HL",NA,"yinping","yinping",NA,"L","1",238.53292546836,0.00297022084114248
"S4","青椒","di","ct",NA,"HL_HL","MMMH",NA,1,"1","S4_1_ct","HL","HL",NA,"yinping","yinping",NA,"L","2",236.475516637245,-0.0467200141193505
"S4","青椒","di","ct",NA,"HL_HL","MMMH",NA,1,"1","S4_1_ct","HL","HL",NA,"yinping","yinping",NA,"L","3",231.437083321426,-0.170256892753709
"S4","青椒","di","ct",NA,"HL_HL","MMMH",NA,1,"1","S4_1_ct","HL","HL",NA,"yinping","yinping",NA,"L","4",225.815145969885,-0.311315995969764
"S4","青椒","di","ct",NA,"HL_HL","MMMH",NA,1,"1","S4_1_ct","HL","HL",NA,"yinping","yinping",NA,"L","5",221.933846881384,-0.410765457045416
"S4","青椒","di","ct",NA,"HL_HL","MMMH",NA,1,"1","S4_1_ct","HL","HL",NA,"yinping","yinping",NA,"L","6",219.858653895359,-0.464653499587343
"S4","青椒","di","ct",NA,"HL_HL","MMMH",NA,1,"1","S4_1_ct","HL","HL",NA,"yinping","yinping",NA,"L","7",218.56941506003,-0.498388859144447
"S4","青椒","di","ct",NA,"HL_HL","MMMH",NA,1,"1","S4_1_ct","HL","HL",NA,"yinping","yinping",NA,"L","8",217.08842137184,-0.537388302941238
"S4","青椒","di","ct",NA,"HL_HL","MMMH",NA,1,"1","S4_1_ct","HL","HL",NA,"yinping","yinping",NA,"L","9",214.283487098297,-0.611986101827885
"S4","青椒","di","ct",NA,"HL_HL","MMMH",NA,1,"1","S4_1_ct","HL","HL",NA,"yinping","yinping",NA,"L","10",214.627304907627,-0.602789856444066
"S4","青椒","di","ct",NA,"HL_HL","MMMH",NA,2,"1","S4_1_ct","HL","HL",NA,"yinping","yinping",NA,"L","11",224.273561399524,-0.350609431265517
"S4","青椒","di","ct",NA,"HL_HL","MMMH",NA,2,"1","S4_1_ct","HL","HL",NA,"yinping","yinping",NA,"L","12",233.443876238225,-0.120733252369735
"S4","青椒","di","ct",NA,"HL_HL","MMMH",NA,2,"1","S4_1_ct","HL","HL",NA,"yinping","yinping",NA,"L","13",235.854434442641,-0.0618052778293485
"S4","青椒","di","ct",NA,"HL_HL","MMMH",NA,2,"1","S4_1_ct","HL","HL",NA,"yinping","yinping",NA,"L","14",236.324703704744,-0.0503794150333461
"S4","青椒","di","ct",NA,"HL_HL","MMMH",NA,2,"1","S4_1_ct","HL","HL",NA,"yinping","yinping",NA,"L","15",239.360576670739,0.0228387501826396
"S4","青椒","di","ct",NA,"HL_HL","MMMH",NA,2,"1","S4_1_ct","HL","HL",NA,"yinping","yinping",NA,"L","16",244.841308722448,0.152700038112167
"S4","青椒","di","ct",NA,"HL_HL","MMMH",NA,2,"1","S4_1_ct","HL","HL",NA,"yinping","yinping",NA,"L","17",251.064068023192,0.29666474743207
"S4","青椒","di","ct",NA,"HL_HL","MMMH",NA,2,"1","S4_1_ct","HL","HL",NA,"yinping","yinping",NA,"L","18",257.040202765343,0.431603479769622
"S4","青椒","di","ct",NA,"HL_HL","MMMH",NA,2,"1","S4_1_ct","HL","HL",NA,"yinping","yinping",NA,"L","19",262.137731813561,0.54424707469808
"S4","青椒","di","ct",NA,"HL_HL","MMMH",NA,2,"1","S4_1_ct","HL","HL",NA,"yinping","yinping",NA,"L","20",261.268700151224,0.525199222753754
"S4","书包","di","ct",NA,"HH_HL","MMMH",NA,1,"3","S4_3_ct","HH","HL",NA,"yinping","yinping",NA,"L","1",215.633527548231,-0.575960384400072
"S4","书包","di","ct",NA,"HH_HL","MMMH",NA,1,"3","S4_3_ct","HH","HL",NA,"yinping","yinping",NA,"L","2",225.320557312237,-0.323893260365302
"S4","书包","di","ct",NA,"HH_HL","MMMH",NA,1,"3","S4_3_ct","HH","HL",NA,"yinping","yinping",NA,"L","3",231.121455910515,-0.178085006732426
"S4","书包","di","ct",NA,"HH_HL","MMMH",NA,1,"3","S4_3_ct","HH","HL",NA,"yinping","yinping",NA,"L","4",233.003438368319,-0.131565815995131
"S4","书包","di","ct",NA,"HH_HL","MMMH",NA,1,"3","S4_3_ct","HH","HL",NA,"yinping","yinping",NA,"L","5",230.954679590558,-0.182225670146574
"S4","书包","di","ct",NA,"HH_HL","MMMH",NA,1,"3","S4_3_ct","HH","HL",NA,"yinping","yinping",NA,"L","6",225.971143805199,-0.307354724510705
"S4","书包","di","ct",NA,"HH_HL","MMMH",NA,1,"3","S4_3_ct","HH","HL",NA,"yinping","yinping",NA,"L","7",220.97594922895,-0.435576988034248
"S4","书包","di","ct",NA,"HH_HL","MMMH",NA,1,"3","S4_3_ct","HH","HL",NA,"yinping","yinping",NA,"L","8",216.647857930472,-0.549041146569548
"S4","书包","di","ct",NA,"HH_HL","MMMH",NA,1,"3","S4_3_ct","HH","HL",NA,"yinping","yinping",NA,"L","9",213.398036898321,-0.635737727216112
"S4","书包","di","ct",NA,"HH_HL","MMMH",NA,1,"3","S4_3_ct","HH","HL",NA,"yinping","yinping",NA,"L","10",211.321920312007,-0.691816899079048
"S4","书包","di","ct",NA,"HH_HL","MMMH",NA,2,"3","S4_3_ct","HH","HL",NA,"yinping","yinping",NA,"L","11",209.714428494582,-0.735617528689524
"S4","书包","di","ct",NA,"HH_HL","MMMH",NA,2,"3","S4_3_ct","HH","HL",NA,"yinping","yinping",NA,"L","12",205.640387486144,-0.848147740667507
"S4","书包","di","ct",NA,"HH_HL","MMMH",NA,2,"3","S4_3_ct","HH","HL",NA,"yinping","yinping",NA,"L","13",199.155762499562,-1.03194317098646
"S4","书包","di","ct",NA,"HH_HL","MMMH",NA,2,"3","S4_3_ct","HH","HL",NA,"yinping","yinping",NA,"L","14",196.725919033144,-1.10235853151077
"S4","书包","di","ct",NA,"HH_HL","MMMH",NA,2,"3","S4_3_ct","HH","HL",NA,"yinping","yinping",NA,"L","15",199.494527808064,-1.02219426207534
"S4","书包","di","ct",NA,"HH_HL","MMMH",NA,2,"3","S4_3_ct","HH","HL",NA,"yinping","yinping",NA,"L","16",207.619165841052,-0.793215586367705
"S4","书包","di","ct",NA,"HH_HL","MMMH",NA,2,"3","S4_3_ct","HH","HL",NA,"yinping","yinping",NA,"L","17",217.905097712689,-0.515849738147502
"S4","书包","di","ct",NA,"HH_HL","MMMH",NA,2,"3","S4_3_ct","HH","HL",NA,"yinping","yinping",NA,"L","18",225.807908151352,-0.311499853173189
"S4","书包","di","ct",NA,"HH_HL","MMMH",NA,2,"3","S4_3_ct","HH","HL",NA,"yinping","yinping",NA,"L","19",230.024629411057,-0.205371598296206
"S4","书包","di","ct",NA,"HH_HL","MMMH",NA,2,"3","S4_3_ct","HH","HL",NA,"yinping","yinping",NA,"L","20",225.854046962733,-0.3103279224049
"S4","樱花","di","ct",NA,"HH_HH","HMML","HHML",1,"9","S4_9_ct","HH","HH",NA,"yinping","yinping",NA,"L","1",262.717299162216,0.556915241862496
"S4","樱花","di","ct",NA,"HH_HH","HMML","HHML",1,"9","S4_9_ct","HH","HH",NA,"yinping","yinping",NA,"L","2",269.569475558937,0.70460688201423
"S4","樱花","di","ct",NA,"HH_HH","HMML","HHML",1,"9","S4_9_ct","HH","HH",NA,"yinping","yinping",NA,"L","3",284.124919837789,1.00625767513488
"S4","樱花","di","ct",NA,"HH_HH","HMML","HHML",1,"9","S4_9_ct","HH","HH",NA,"yinping","yinping",NA,"L","4",295.037907913706,1.22245159209748
"S4","樱花","di","ct",NA,"HH_HH","HMML","HHML",1,"9","S4_9_ct","HH","HH",NA,"yinping","yinping",NA,"L","5",299.472904514135,1.30803521226744
"S4","樱花","di","ct",NA,"HH_HH","HMML","HHML",1,"9","S4_9_ct","HH","HH",NA,"yinping","yinping",NA,"L","6",301.425734403631,1.34531846418375
"S4","樱花","di","ct",NA,"HH_HH","HMML","HHML",1,"9","S4_9_ct","HH","HH",NA,"yinping","yinping",NA,"L","7",302.32344443653,1.36237649556118
"S4","樱花","di","ct",NA,"HH_HH","HMML","HHML",1,"9","S4_9_ct","HH","HH",NA,"yinping","yinping",NA,"L","8",301.912458412233,1.35457335092438
"S4","樱花","di","ct",NA,"HH_HH","HMML","HHML",1,"9","S4_9_ct","HH","HH",NA,"yinping","yinping",NA,"L","9",298.64102959382,1.29207923333903
"S4","樱花","di","ct",NA,"HH_HH","HMML","HHML",1,"9","S4_9_ct","HH","HH",NA,"yinping","yinping",NA,"L","10",281.71055122814,0.957306276413171
"S4","樱花","di","ct",NA,"HH_HH","HMML","HHML",2,"9","S4_9_ct","HH","HH",NA,"yinping","yinping",NA,"L","11",243.088059338197,0.111477220912562
"S4","樱花","di","ct",NA,"HH_HH","HMML","HHML",2,"9","S4_9_ct","HH","HH",NA,"yinping","yinping",NA,"L","12",218.630143735576,-0.496795318443489
"S4","樱花","di","ct",NA,"HH_HH","HMML","HHML",2,"9","S4_9_ct","HH","HH",NA,"yinping","yinping",NA,"L","13",215.515580065652,-0.579098798586499
"S4","樱花","di","ct",NA,"HH_HH","HMML","HHML",2,"9","S4_9_ct","HH","HH",NA,"yinping","yinping",NA,"L","14",216.040036679397,-0.565156895164413
"S4","樱花","di","ct",NA,"HH_HH","HMML","HHML",2,"9","S4_9_ct","HH","HH",NA,"yinping","yinping",NA,"L","15",213.259305115359,-0.639468044930957
"S4","樱花","di","ct",NA,"HH_HH","HMML","HHML",2,"9","S4_9_ct","HH","HH",NA,"yinping","yinping",NA,"L","16",206.494066140874,-0.824384526372711
"S4","樱花","di","ct",NA,"HH_HH","HMML","HHML",2,"9","S4_9_ct","HH","HH",NA,"yinping","yinping",NA,"L","17",197.099393486328,-1.09147909337491
"S4","樱花","di","ct",NA,"HH_HH","HMML","HHML",2,"9","S4_9_ct","HH","HH",NA,"yinping","yinping",NA,"L","18",185.617748396918,-1.43575418988309
"S4","樱花","di","ct",NA,"HH_HH","HMML","HHML",2,"9","S4_9_ct","HH","HH",NA,"yinping","yinping",NA,"L","19",179.103197645438,-1.64069055147051
"S4","樱花","di","ct",NA,"HH_HH","HMML","HHML",2,"9","S4_9_ct","HH","HH",NA,"yinping","yinping",NA,"L","20",186.351194198478,-1.41313323296481
"S4","青菜","di","ct",NA,"HL_HL","HMML","HHML",1,"11","S4_11_ct","HL","HL",NA,"yinping","yinqu",NA,"L","1",270.708745858675,0.728798171633499
"S4","青菜","di","ct",NA,"HL_HL","HMML","HHML",1,"11","S4_11_ct","HL","HL",NA,"yinping","yinqu",NA,"L","2",300.282243298547,1.32351645054659
"S4","青菜","di","ct",NA,"HL_HL","HMML","HHML",1,"11","S4_11_ct","HL","HL",NA,"yinping","yinqu",NA,"L","3",312.659189039387,1.55520395345042
"S4","青菜","di","ct",NA,"HL_HL","HMML","HHML",1,"11","S4_11_ct","HL","HL",NA,"yinping","yinqu",NA,"L","4",308.664729193858,1.48144834775635
"S4","青菜","di","ct",NA,"HL_HL","HMML","HHML",1,"11","S4_11_ct","HL","HL",NA,"yinping","yinqu",NA,"L","5",305.01027939472,1.41312993625505
"S4","青菜","di","ct",NA,"HL_HL","HMML","HHML",1,"11","S4_11_ct","HL","HL",NA,"yinping","yinqu",NA,"L","6",302.19125382749,1.35986782976463
"S4","青菜","di","ct",NA,"HL_HL","HMML","HHML",1,"11","S4_11_ct","HL","HL",NA,"yinping","yinqu",NA,"L","7",299.984746996111,1.31783072084667
"S4","青菜","di","ct",NA,"HL_HL","HMML","HHML",1,"11","S4_11_ct","HL","HL",NA,"yinping","yinqu",NA,"L","8",297.051781916443,1.26147233510611
"S4","青菜","di","ct",NA,"HL_HL","HMML","HHML",1,"11","S4_11_ct","HL","HL",NA,"yinping","yinqu",NA,"L","9",290.924220335961,1.14191041813029
"S4","青菜","di","ct",NA,"HL_HL","HMML","HHML",1,"11","S4_11_ct","HL","HL",NA,"yinping","yinqu",NA,"L","10",278.653152620854,0.894711882472236
"S4","青菜","di","ct",NA,"HL_HL","HMML","HHML",2,"11","S4_11_ct","HL","HL",NA,"yinping","yinqu",NA,"L","11",248.18110767244,0.230415845666401
"S4","青菜","di","ct",NA,"HL_HL","HMML","HHML",2,"11","S4_11_ct","HL","HL",NA,"yinping","yinqu",NA,"L","12",230.311505580392,-0.198222215921315
"S4","青菜","di","ct",NA,"HL_HL","HMML","HHML",2,"11","S4_11_ct","HL","HL",NA,"yinping","yinqu",NA,"L","13",214.411370231506,-0.608563833402446
"S4","青菜","di","ct",NA,"HL_HL","HMML","HHML",2,"11","S4_11_ct","HL","HL",NA,"yinping","yinqu",NA,"L","14",200.735017385418,-0.986636499314845
"S4","青菜","di","ct",NA,"HL_HL","HMML","HHML",2,"11","S4_11_ct","HL","HL",NA,"yinping","yinqu",NA,"L","15",189.025913770857,-1.33138716259608
"S4","青菜","di","ct",NA,"HL_HL","HMML","HHML",2,"11","S4_11_ct","HL","HL",NA,"yinping","yinqu",NA,"L","16",179.956555286442,-1.6134250032371
"S4","青菜","di","ct",NA,"HL_HL","HMML","HHML",2,"11","S4_11_ct","HL","HL",NA,"yinping","yinqu",NA,"L","17",173.207422012402,-1.83269214025735
"S4","青菜","di","ct",NA,"HL_HL","HMML","HHML",2,"11","S4_11_ct","HL","HL",NA,"yinping","yinqu",NA,"L","18",168.118558968176,-2.00374591422789
"S4","青菜","di","ct",NA,"HL_HL","HMML","HHML",2,"11","S4_11_ct","HL","HL",NA,"yinping","yinqu",NA,"L","19",166.261138824916,-2.0674729591128
"S4","青菜","di","ct",NA,"HL_HL","HMML","HHML",2,"11","S4_11_ct","HL","HL",NA,"yinping","yinqu",NA,"L","20",172.501980394821,-1.85610203989174
"S4","樱桃","di","ct",NA,"HH_RF","HMML","HHML",1,"17","S4_17_ct","HH","LHL",NA,"yinping","yangping",NA,"L","1",232.657962019576,-0.140077141969425
"S4","樱桃","di","ct",NA,"HH_RF","HMML","HHML",1,"17","S4_17_ct","HH","LHL",NA,"yinping","yangping",NA,"L","2",268.597464378277,0.68388621266112
"S4","樱桃","di","ct",NA,"HH_RF","HMML","HHML",1,"17","S4_17_ct","HH","LHL",NA,"yinping","yangping",NA,"L","3",294.998413741211,1.22168369445294
"S4","樱桃","di","ct",NA,"HH_RF","HMML","HHML",1,"17","S4_17_ct","HH","LHL",NA,"yinping","yangping",NA,"L","4",308.752358571545,1.48307659423834
"S4","樱桃","di","ct",NA,"HH_RF","HMML","HHML",1,"17","S4_17_ct","HH","LHL",NA,"yinping","yangping",NA,"L","5",312.649833693911,1.55503231515309
"S4","樱桃","di","ct",NA,"HH_RF","HMML","HHML",1,"17","S4_17_ct","HH","LHL",NA,"yinping","yangping",NA,"L","6",311.244682339707,1.52919414610065
"S4","樱桃","di","ct",NA,"HH_RF","HMML","HHML",1,"17","S4_17_ct","HH","LHL",NA,"yinping","yangping",NA,"L","7",307.140558412277,1.4530534592239
"S4","樱桃","di","ct",NA,"HH_RF","HMML","HHML",1,"17","S4_17_ct","HH","LHL",NA,"yinping","yangping",NA,"L","8",301.136586684993,1.33981334285169
"S4","樱桃","di","ct",NA,"HH_RF","HMML","HHML",1,"17","S4_17_ct","HH","LHL",NA,"yinping","yangping",NA,"L","9",290.757807104076,1.13862832209464
"S4","樱桃","di","ct",NA,"HH_RF","HMML","HHML",1,"17","S4_17_ct","HH","LHL",NA,"yinping","yangping",NA,"L","10",278.160871678904,0.884569218583225
"S4","樱桃","di","ct",NA,"HH_RF","HMML","HHML",2,"17","S4_17_ct","HH","LHL",NA,"yinping","yangping",NA,"L","11",259.501053296957,0.486258816027071
"S4","樱桃","di","ct",NA,"HH_RF","HMML","HHML",2,"17","S4_17_ct","HH","LHL",NA,"yinping","yangping",NA,"L","12",226.964470940674,-0.282195017006577
"S4","樱桃","di","ct",NA,"HH_RF","HMML","HHML",2,"17","S4_17_ct","HH","LHL",NA,"yinping","yangping",NA,"L","13",202.227580499017,-0.944143340554428
"S4","樱桃","di","ct",NA,"HH_RF","HMML","HHML",2,"17","S4_17_ct","HH","LHL",NA,"yinping","yangping",NA,"L","14",187.654989655747,-1.37314046136546
"S4","樱桃","di","ct",NA,"HH_RF","HMML","HHML",2,"17","S4_17_ct","HH","LHL",NA,"yinping","yangping",NA,"L","15",180.185140058005,-1.60614346707308
"S4","樱桃","di","ct",NA,"HH_RF","HMML","HHML",2,"17","S4_17_ct","HH","LHL",NA,"yinping","yangping",NA,"L","16",176.131742517452,-1.73665551294075
"S4","樱桃","di","ct",NA,"HH_RF","HMML","HHML",2,"17","S4_17_ct","HH","LHL",NA,"yinping","yangping",NA,"L","17",171.795921624935,-1.87962847621499
"S4","樱桃","di","ct",NA,"HH_RF","HMML","HHML",2,"17","S4_17_ct","HH","LHL",NA,"yinping","yangping",NA,"L","18",168.188228833239,-2.0013693015708
"S4","樱桃","di","ct",NA,"HH_RF","HMML","HHML",2,"17","S4_17_ct","HH","LHL",NA,"yinping","yangping",NA,"L","19",166.904106386424,-2.04533288990149
"S4","樱桃","di","ct",NA,"HH_RF","HMML","HHML",2,"17","S4_17_ct","HH","LHL",NA,"yinping","yangping",NA,"L","20",170.633858769027,-1.91856066517065
"S4","书房","di","ct",NA,"HH_RF","MMMH",NA,1,"21","S4_21_ct","HH","LHL",NA,"yinping","yangping",NA,"L","1",248.176593894666,0.230311519206222
"S4","书房","di","ct",NA,"HH_RF","MMMH",NA,1,"21","S4_21_ct","HH","LHL",NA,"yinping","yangping",NA,"L","2",242.242779735138,0.0914964609136794
"S4","书房","di","ct",NA,"HH_RF","MMMH",NA,1,"21","S4_21_ct","HH","LHL",NA,"yinping","yangping",NA,"L","3",241.10282558628,0.0644394711372065
"S4","书房","di","ct",NA,"HH_RF","MMMH",NA,1,"21","S4_21_ct","HH","LHL",NA,"yinping","yangping",NA,"L","4",240.609766742617,0.0526969873750101
"S4","书房","di","ct",NA,"HH_RF","MMMH",NA,1,"21","S4_21_ct","HH","LHL",NA,"yinping","yangping",NA,"L","5",238.334024118064,-0.00181486348942064
"S4","书房","di","ct",NA,"HH_RF","MMMH",NA,1,"21","S4_21_ct","HH","LHL",NA,"yinping","yangping",NA,"L","6",233.243471413323,-0.125659670117357
"S4","书房","di","ct",NA,"HH_RF","MMMH",NA,1,"21","S4_21_ct","HH","LHL",NA,"yinping","yangping",NA,"L","7",225.853613070101,-0.310338942209229
"S4","书房","di","ct",NA,"HH_RF","MMMH",NA,1,"21","S4_21_ct","HH","LHL",NA,"yinping","yangping",NA,"L","8",218.468821344847,-0.501029446162119
"S4","书房","di","ct",NA,"HH_RF","MMMH",NA,1,"21","S4_21_ct","HH","LHL",NA,"yinping","yangping",NA,"L","9",212.037777406892,-0.672418481757985
"S4","书房","di","ct",NA,"HH_RF","MMMH",NA,1,"21","S4_21_ct","HH","LHL",NA,"yinping","yangping",NA,"L","10",206.505222750668,-0.824074618932377
"S4","书房","di","ct",NA,"HH_RF","MMMH",NA,2,"21","S4_21_ct","HH","LHL",NA,"yinping","yangping",NA,"L","11",201.562691790755,-0.963033801742281
"S4","书房","di","ct",NA,"HH_RF","MMMH",NA,2,"21","S4_21_ct","HH","LHL",NA,"yinping","yangping",NA,"L","12",200.70712415052,-0.98743362166657
"S4","书房","di","ct",NA,"HH_RF","MMMH",NA,2,"21","S4_21_ct","HH","LHL",NA,"yinping","yangping",NA,"L","13",202.316384974296,-0.941624978336004
"S4","书房","di","ct",NA,"HH_RF","MMMH",NA,2,"21","S4_21_ct","HH","LHL",NA,"yinping","yangping",NA,"L","14",206.80909628617,-0.815640075698934
"S4","书房","di","ct",NA,"HH_RF","MMMH",NA,2,"21","S4_21_ct","HH","LHL",NA,"yinping","yangping",NA,"L","15",214.516780233503,-0.605744500605257
"S4","书房","di","ct",NA,"HH_RF","MMMH",NA,2,"21","S4_21_ct","HH","LHL",NA,"yinping","yangping",NA,"L","16",224.263799567689,-0.350859110119058
"S4","书房","di","ct",NA,"HH_RF","MMMH",NA,2,"21","S4_21_ct","HH","LHL",NA,"yinping","yangping",NA,"L","17",232.623069553745,-0.140937472585203
"S4","书房","di","ct",NA,"HH_RF","MMMH",NA,2,"21","S4_21_ct","HH","LHL",NA,"yinping","yangping",NA,"L","18",236.748985504097,-0.0400903766640041
"S4","书房","di","ct",NA,"HH_RF","MMMH",NA,2,"21","S4_21_ct","HH","LHL",NA,"yinping","yangping",NA,"L","19",237.631490456429,-0.0187481411185773
"S4","书房","di","ct",NA,"HH_RF","MMMH",NA,2,"21","S4_21_ct","HH","LHL",NA,"yinping","yangping",NA,"L","20",236.630685191431,-0.0429573612718661
"S4","青豆","di","ct",NA,"HL_LH","MMMH",NA,1,"25","S4_25_ct","HL","LH",NA,"yinping","yangqu",NA,"L","1",244.642647449853,0.1480439216083
"S4","青豆","di","ct",NA,"HL_LH","MMMH",NA,1,"25","S4_25_ct","HL","LH",NA,"yinping","yangqu",NA,"L","2",254.910332482873,0.383875096747997
"S4","青豆","di","ct",NA,"HL_LH","MMMH",NA,1,"25","S4_25_ct","HL","LH",NA,"yinping","yangqu",NA,"L","3",256.121112533844,0.411056226789558
"S4","青豆","di","ct",NA,"HL_LH","MMMH",NA,1,"25","S4_25_ct","HL","LH",NA,"yinping","yangqu",NA,"L","4",247.71648152756,0.21966702449971
"S4","青豆","di","ct",NA,"HL_LH","MMMH",NA,1,"25","S4_25_ct","HL","LH",NA,"yinping","yangqu",NA,"L","5",238.130555468963,-0.0067139597225558
"S4","青豆","di","ct",NA,"HL_LH","MMMH",NA,1,"25","S4_25_ct","HL","LH",NA,"yinping","yangqu",NA,"L","6",229.862694488443,-0.209411196402967
"S4","青豆","di","ct",NA,"HL_LH","MMMH",NA,1,"25","S4_25_ct","HL","LH",NA,"yinping","yangqu",NA,"L","7",223.51616247042,-0.370013823332682
"S4","青豆","di","ct",NA,"HL_LH","MMMH",NA,1,"25","S4_25_ct","HL","LH",NA,"yinping","yangqu",NA,"L","8",217.68041807735,-0.521767253343212
"S4","青豆","di","ct",NA,"HL_LH","MMMH",NA,1,"25","S4_25_ct","HL","LH",NA,"yinping","yangqu",NA,"L","9",211.779260583794,-0.679416249358262
"S4","青豆","di","ct",NA,"HL_LH","MMMH",NA,1,"25","S4_25_ct","HL","LH",NA,"yinping","yangqu",NA,"L","10",206.838384186893,-0.814827793521887
"S4","青豆","di","ct",NA,"HL_LH","MMMH",NA,2,"25","S4_25_ct","HL","LH",NA,"yinping","yangqu",NA,"L","11",204.817608947572,-0.871144353778559
"S4","青豆","di","ct",NA,"HL_LH","MMMH",NA,2,"25","S4_25_ct","HL","LH",NA,"yinping","yangqu",NA,"L","12",208.731133066412,-0.762575978579181
"S4","青豆","di","ct",NA,"HL_LH","MMMH",NA,2,"25","S4_25_ct","HL","LH",NA,"yinping","yangqu",NA,"L","13",213.171139823424,-0.641839956621354
"S4","青豆","di","ct",NA,"HL_LH","MMMH",NA,2,"25","S4_25_ct","HL","LH",NA,"yinping","yangqu",NA,"L","14",216.832199134045,-0.544162465973917
"S4","青豆","di","ct",NA,"HL_LH","MMMH",NA,2,"25","S4_25_ct","HL","LH",NA,"yinping","yangqu",NA,"L","15",221.530659706762,-0.421195762459405
"S4","青豆","di","ct",NA,"HL_LH","MMMH",NA,2,"25","S4_25_ct","HL","LH",NA,"yinping","yangqu",NA,"L","16",227.599479482252,-0.266168692879519
"S4","青豆","di","ct",NA,"HL_LH","MMMH",NA,2,"25","S4_25_ct","HL","LH",NA,"yinping","yangqu",NA,"L","17",234.580093121905,-0.0928821070669179
"S4","青豆","di","ct",NA,"HL_LH","MMMH",NA,2,"25","S4_25_ct","HL","LH",NA,"yinping","yangqu",NA,"L","18",242.821950997351,0.105194442432608
"S4","青豆","di","ct",NA,"HL_LH","MMMH",NA,2,"25","S4_25_ct","HL","LH",NA,"yinping","yangqu",NA,"L","19",251.168065287783,0.299040310089107
"S4","青豆","di","ct",NA,"HL_LH","MMMH",NA,2,"25","S4_25_ct","HL","LH",NA,"yinping","yangqu",NA,"L","20",254.625722489449,0.377467069744764
"S4","新店","di","ct",NA,"HH_HL","HMML","HHML",1,"38","S4_38_ct","HH","HL",NA,"yinping","yinqu",NA,"M","1",282.199222486366,0.967247877804624
"S4","新店","di","ct",NA,"HH_HL","HMML","HHML",1,"38","S4_38_ct","HH","HL",NA,"yinping","yinqu",NA,"M","2",311.997852515713,1.54305804247849
"S4","新店","di","ct",NA,"HH_HL","HMML","HHML",1,"38","S4_38_ct","HH","HL",NA,"yinping","yinqu",NA,"M","3",325.576630360957,1.78742613285255
"S4","新店","di","ct",NA,"HH_HL","HMML","HHML",1,"38","S4_38_ct","HH","HL",NA,"yinping","yinqu",NA,"M","4",325.814170838286,1.79160968402781
"S4","新店","di","ct",NA,"HH_HL","HMML","HHML",1,"38","S4_38_ct","HH","HL",NA,"yinping","yinqu",NA,"M","5",322.777845651821,1.73790292824615
"S4","新店","di","ct",NA,"HH_HL","HMML","HHML",1,"38","S4_38_ct","HH","HL",NA,"yinping","yinqu",NA,"M","6",318.791375862982,1.66661768949407
"S4","新店","di","ct",NA,"HH_HL","HMML","HHML",1,"38","S4_38_ct","HH","HL",NA,"yinping","yinqu",NA,"M","7",313.347186759088,1.56781228092672
"S4","新店","di","ct",NA,"HH_HL","HMML","HHML",1,"38","S4_38_ct","HH","HL",NA,"yinping","yinqu",NA,"M","8",306.126299106594,1.43407989310635
"S4","新店","di","ct",NA,"HH_HL","HMML","HHML",1,"38","S4_38_ct","HH","HL",NA,"yinping","yinqu",NA,"M","9",297.108504264199,1.26256755075966
"S4","新店","di","ct",NA,"HH_HL","HMML","HHML",1,"38","S4_38_ct","HH","HL",NA,"yinping","yinqu",NA,"M","10",279.724313867679,0.91671967909403
"S4","新店","di","ct",NA,"HH_HL","HMML","HHML",2,"38","S4_38_ct","HH","HL",NA,"yinping","yinqu",NA,"M","11",244.782529145697,0.151322787525865
"S4","新店","di","ct",NA,"HH_HL","HMML","HHML",2,"38","S4_38_ct","HH","HL",NA,"yinping","yinqu",NA,"M","12",217.472005684525,-0.527261791949755
"S4","新店","di","ct",NA,"HH_HL","HMML","HHML",2,"38","S4_38_ct","HH","HL",NA,"yinping","yinqu",NA,"M","13",204.499148919432,-0.880070100402393
"S4","新店","di","ct",NA,"HH_HL","HMML","HHML",2,"38","S4_38_ct","HH","HL",NA,"yinping","yinqu",NA,"M","14",194.214658175983,-1.176053207564
"S4","新店","di","ct",NA,"HH_HL","HMML","HHML",2,"38","S4_38_ct","HH","HL",NA,"yinping","yinqu",NA,"M","15",185.31971292013,-1.44497175946555
"S4","新店","di","ct",NA,"HH_HL","HMML","HHML",2,"38","S4_38_ct","HH","HL",NA,"yinping","yinqu",NA,"M","16",177.408725626096,-1.69521768605824
"S4","新店","di","ct",NA,"HH_HL","HMML","HHML",2,"38","S4_38_ct","HH","HL",NA,"yinping","yinqu",NA,"M","17",169.693925454601,-1.95024538008241
"S4","新店","di","ct",NA,"HH_HL","HMML","HHML",2,"38","S4_38_ct","HH","HL",NA,"yinping","yinqu",NA,"M","18",164.360025377643,-2.13344064242432
"S4","新店","di","ct",NA,"HH_HL","HMML","HHML",2,"38","S4_38_ct","HH","HL",NA,"yinping","yinqu",NA,"M","19",163.670282158325,-2.15756319000499
"S4","新店","di","ct",NA,"HH_HL","HMML","HHML",2,"38","S4_38_ct","HH","HL",NA,"yinping","yinqu",NA,"M","20",166.201015302234,-2.06954763983524
"S4","新车","di","ct",NA,"HH_HH","HMML","HHML",1,"45","S4_45_ct","HH","HH",NA,"yinping","yinping",NA,"M","1",296.910364411773,1.25874088373465
"S4","新车","di","ct",NA,"HH_HH","HMML","HHML",1,"45","S4_45_ct","HH","HH",NA,"yinping","yinping",NA,"M","2",305.802544965645,1.42801024503363
"S4","新车","di","ct",NA,"HH_HH","HMML","HHML",1,"45","S4_45_ct","HH","HH",NA,"yinping","yinping",NA,"M","3",307.987548008583,1.46884999451587
"S4","新车","di","ct",NA,"HH_HH","HMML","HHML",1,"45","S4_45_ct","HH","HH",NA,"yinping","yinping",NA,"M","4",303.081250032056,1.37673672283271
"S4","新车","di","ct",NA,"HH_HH","HMML","HHML",1,"45","S4_45_ct","HH","HH",NA,"yinping","yinping",NA,"M","5",299.074570092715,1.30040040002437
"S4","新车","di","ct",NA,"HH_HH","HMML","HHML",1,"45","S4_45_ct","HH","HH",NA,"yinping","yinping",NA,"M","6",296.806240629891,1.25672892158698
"S4","新车","di","ct",NA,"HH_HH","HMML","HHML",1,"45","S4_45_ct","HH","HH",NA,"yinping","yinping",NA,"M","7",294.9614904453,1.2209656901813
"S4","新车","di","ct",NA,"HH_HH","HMML","HHML",1,"45","S4_45_ct","HH","HH",NA,"yinping","yinping",NA,"M","8",291.050397490809,1.14439770430773
"S4","新车","di","ct",NA,"HH_HH","HMML","HHML",1,"45","S4_45_ct","HH","HH",NA,"yinping","yinping",NA,"M","9",283.122310483632,0.985980433176397
"S4","新车","di","ct",NA,"HH_HH","HMML","HHML",1,"45","S4_45_ct","HH","HH",NA,"yinping","yinping",NA,"M","10",269.451675452853,0.702099682214676
"S4","新车","di","ct",NA,"HH_HH","HMML","HHML",2,"45","S4_45_ct","HH","HH",NA,"yinping","yinping",NA,"M","11",252.33970512244,0.325735794048818
"S4","新车","di","ct",NA,"HH_HH","HMML","HHML",2,"45","S4_45_ct","HH","HH",NA,"yinping","yinping",NA,"M","12",238.910884901186,0.0120520237954276
"S4","新车","di","ct",NA,"HH_HH","HMML","HHML",2,"45","S4_45_ct","HH","HH",NA,"yinping","yinping",NA,"M","13",233.317732606721,-0.123833663412716
"S4","新车","di","ct",NA,"HH_HH","HMML","HHML",2,"45","S4_45_ct","HH","HH",NA,"yinping","yinping",NA,"M","14",227.998470485062,-0.256121829067044
"S4","新车","di","ct",NA,"HH_HH","HMML","HHML",2,"45","S4_45_ct","HH","HH",NA,"yinping","yinping",NA,"M","15",223.703139116131,-0.365217417596135
"S4","新车","di","ct",NA,"HH_HH","HMML","HHML",2,"45","S4_45_ct","HH","HH",NA,"yinping","yinping",NA,"M","16",220.670466832796,-0.443512237970469
"S4","新车","di","ct",NA,"HH_HH","HMML","HHML",2,"45","S4_45_ct","HH","HH",NA,"yinping","yinping",NA,"M","17",217.420997722364,-0.528607356749828
"S4","新车","di","ct",NA,"HH_HH","HMML","HHML",2,"45","S4_45_ct","HH","HH",NA,"yinping","yinping",NA,"M","18",213.418014496905,-0.635200755263357
"S4","新车","di","ct",NA,"HH_HH","HMML","HHML",2,"45","S4_45_ct","HH","HH",NA,"yinping","yinping",NA,"M","19",210.016343779997,-0.727365448707382
"S4","新车","di","ct",NA,"HH_HH","HMML","HHML",2,"45","S4_45_ct","HH","HH",NA,"yinping","yinping",NA,"M","20",207.305128030854,-0.801898434853482
"S4","新房","di","ct",NA,"HH_RF","HMML","RFLL",1,"47","S4_47_ct","HH","LHL",NA,"yinping","yangping",NA,"M","1",249.435174635321,0.259327711982536
"S4","新房","di","ct",NA,"HH_RF","HMML","RFLL",1,"47","S4_47_ct","HH","LHL",NA,"yinping","yangping",NA,"M","2",285.939014554878,1.04276558097973
"S4","新房","di","ct",NA,"HH_RF","HMML","RFLL",1,"47","S4_47_ct","HH","LHL",NA,"yinping","yangping",NA,"M","3",295.033402415382,1.22236399546796
"S4","新房","di","ct",NA,"HH_RF","HMML","RFLL",1,"47","S4_47_ct","HH","LHL",NA,"yinping","yangping",NA,"M","4",293.156113725962,1.18574855002827
"S4","新房","di","ct",NA,"HH_RF","HMML","RFLL",1,"47","S4_47_ct","HH","LHL",NA,"yinping","yangping",NA,"M","5",291.082523482753,1.14503082054123
"S4","新房","di","ct",NA,"HH_RF","HMML","RFLL",1,"47","S4_47_ct","HH","LHL",NA,"yinping","yangping",NA,"M","6",289.215505495454,1.10812048713392
"S4","新房","di","ct",NA,"HH_RF","HMML","RFLL",1,"47","S4_47_ct","HH","LHL",NA,"yinping","yangping",NA,"M","7",286.878078974811,1.06157298562912
"S4","新房","di","ct",NA,"HH_RF","HMML","RFLL",1,"47","S4_47_ct","HH","LHL",NA,"yinping","yangping",NA,"M","8",283.306247303726,0.989705830611581
"S4","新房","di","ct",NA,"HH_RF","HMML","RFLL",1,"47","S4_47_ct","HH","LHL",NA,"yinping","yangping",NA,"M","9",277.885380994108,0.878885335985576
"S4","新房","di","ct",NA,"HH_RF","HMML","RFLL",1,"47","S4_47_ct","HH","LHL",NA,"yinping","yangping",NA,"M","10",265.732199356667,0.62236728753146
"S4","新房","di","ct",NA,"HH_RF","HMML","RFLL",2,"47","S4_47_ct","HH","LHL",NA,"yinping","yangping",NA,"M","11",238.350732905386,-0.001412736956316
"S4","新房","di","ct",NA,"HH_RF","HMML","RFLL",2,"47","S4_47_ct","HH","LHL",NA,"yinping","yangping",NA,"M","12",213.476490106917,-0.633629295510714
"S4","新房","di","ct",NA,"HH_RF","HMML","RFLL",2,"47","S4_47_ct","HH","LHL",NA,"yinping","yangping",NA,"M","13",200.563622955766,-0.991536296505193
"S4","新房","di","ct",NA,"HH_RF","HMML","RFLL",2,"47","S4_47_ct","HH","LHL",NA,"yinping","yangping",NA,"M","14",195.190759348224,-1.14729625786882
"S4","新房","di","ct",NA,"HH_RF","HMML","RFLL",2,"47","S4_47_ct","HH","LHL",NA,"yinping","yangping",NA,"M","15",193.18134547309,-1.20665358090178
"S4","新房","di","ct",NA,"HH_RF","HMML","RFLL",2,"47","S4_47_ct","HH","LHL",NA,"yinping","yangping",NA,"M","16",191.729211611802,-1.24993464734283
"S4","新房","di","ct",NA,"HH_RF","HMML","RFLL",2,"47","S4_47_ct","HH","LHL",NA,"yinping","yangping",NA,"M","17",190.489972326479,-1.28713039361135
"S4","新房","di","ct",NA,"HH_RF","HMML","RFLL",2,"47","S4_47_ct","HH","LHL",NA,"yinping","yangping",NA,"M","18",189.794689017537,-1.3081054212655
"S4","新房","di","ct",NA,"HH_RF","HMML","RFLL",2,"47","S4_47_ct","HH","LHL",NA,"yinping","yangping",NA,"M","19",189.647271885483,-1.31256251417069
"S4","新房","di","ct",NA,"HH_RF","HMML","RFLL",2,"47","S4_47_ct","HH","LHL",NA,"yinping","yangping",NA,"M","20",188.743373205568,-1.33996747908514
"S4","新路","di","ct",NA,"HH_LH","HMML",NA,1,"51","S4_51_ct","HH","LH",NA,"yinping","yangqu",NA,"M","1",270.469899121939,0.723734940508592
"S4","新路","di","ct",NA,"HH_LH","HMML",NA,1,"51","S4_51_ct","HH","LH",NA,"yinping","yangqu",NA,"M","2",309.96782164026,1.50561364630457
"S4","新路","di","ct",NA,"HH_LH","HMML",NA,1,"51","S4_51_ct","HH","LH",NA,"yinping","yangqu",NA,"M","3",315.073559314138,1.59932850392847
"S4","新路","di","ct",NA,"HH_LH","HMML",NA,1,"51","S4_51_ct","HH","LH",NA,"yinping","yangqu",NA,"M","4",312.61950885112,1.55447592365384
"S4","新路","di","ct",NA,"HH_LH","HMML",NA,1,"51","S4_51_ct","HH","LH",NA,"yinping","yangqu",NA,"M","5",313.311882681906,1.56716596836354
"S4","新路","di","ct",NA,"HH_LH","HMML",NA,1,"51","S4_51_ct","HH","LH",NA,"yinping","yangqu",NA,"M","6",314.925716883885,1.59663629900945
"S4","新路","di","ct",NA,"HH_LH","HMML",NA,1,"51","S4_51_ct","HH","LH",NA,"yinping","yangqu",NA,"M","7",314.906536350518,1.59628692962384
"S4","新路","di","ct",NA,"HH_LH","HMML",NA,1,"51","S4_51_ct","HH","LH",NA,"yinping","yangqu",NA,"M","8",312.606935894432,1.55424522283085
"S4","新路","di","ct",NA,"HH_LH","HMML",NA,1,"51","S4_51_ct","HH","LH",NA,"yinping","yangqu",NA,"M","9",307.891454617102,1.4670600185891
"S4","新路","di","ct",NA,"HH_LH","HMML",NA,1,"51","S4_51_ct","HH","LH",NA,"yinping","yangqu",NA,"M","10",290.723799024531,1.13795736431943
"S4","新路","di","ct",NA,"HH_LH","HMML",NA,2,"51","S4_51_ct","HH","LH",NA,"yinping","yangqu",NA,"M","11",250.59957431512,0.286042500438582
"S4","新路","di","ct",NA,"HH_LH","HMML",NA,2,"51","S4_51_ct","HH","LH",NA,"yinping","yangqu",NA,"M","12",220.428866947276,-0.449795850959726
"S4","新路","di","ct",NA,"HH_LH","HMML",NA,2,"51","S4_51_ct","HH","LH",NA,"yinping","yangqu",NA,"M","13",211.644355845421,-0.683071365696745
"S4","新路","di","ct",NA,"HH_LH","HMML",NA,2,"51","S4_51_ct","HH","LH",NA,"yinping","yangqu",NA,"M","14",209.414589142355,-0.743824634613228
"S4","新路","di","ct",NA,"HH_LH","HMML",NA,2,"51","S4_51_ct","HH","LH",NA,"yinping","yangqu",NA,"M","15",209.507864401756,-0.741270275833594
"S4","新路","di","ct",NA,"HH_LH","HMML",NA,2,"51","S4_51_ct","HH","LH",NA,"yinping","yangqu",NA,"M","16",211.684986134588,-0.681970281305847
"S4","新路","di","ct",NA,"HH_LH","HMML",NA,2,"51","S4_51_ct","HH","LH",NA,"yinping","yangqu",NA,"M","17",214.282064394357,-0.612024186159508
"S4","新路","di","ct",NA,"HH_LH","HMML",NA,2,"51","S4_51_ct","HH","LH",NA,"yinping","yangqu",NA,"M","18",215.949435655906,-0.567562969330246
"S4","新路","di","ct",NA,"HH_LH","HMML",NA,2,"51","S4_51_ct","HH","LH",NA,"yinping","yangqu",NA,"M","19",216.882202092791,-0.542839828190248
"S4","新路","di","ct",NA,"HH_LH","HMML",NA,2,"51","S4_51_ct","HH","LH",NA,"yinping","yangqu",NA,"M","20",214.679711065223,-0.601389420020466
"S5","青椒","di","ct",NA,"HL_HL","HMML","HHML",1,"1","S5_1_ct","HL","HL",NA,"yinping","yinping",NA,"L","1",313.188647804494,1.40775112563435
"S5","青椒","di","ct",NA,"HL_HL","HMML","HHML",1,"1","S5_1_ct","HL","HL",NA,"yinping","yinping",NA,"L","2",338.562390753729,1.89498462537557
"S5","青椒","di","ct",NA,"HL_HL","HMML","HHML",1,"1","S5_1_ct","HL","HL",NA,"yinping","yinping",NA,"L","3",354.695859852963,2.18614073747196
"S5","青椒","di","ct",NA,"HL_HL","HMML","HHML",1,"1","S5_1_ct","HL","HL",NA,"yinping","yinping",NA,"L","4",358.959547006891,2.26087447698902
"S5","青椒","di","ct",NA,"HL_HL","HMML","HHML",1,"1","S5_1_ct","HL","HL",NA,"yinping","yinping",NA,"L","5",358.97326682801,2.26111352185547
"S5","青椒","di","ct",NA,"HL_HL","HMML","HHML",1,"1","S5_1_ct","HL","HL",NA,"yinping","yinping",NA,"L","6",355.446749379723,2.19936725200293
"S5","青椒","di","ct",NA,"HL_HL","HMML","HHML",1,"1","S5_1_ct","HL","HL",NA,"yinping","yinping",NA,"L","7",350.594513509997,2.113399922795
"S5","青椒","di","ct",NA,"HL_HL","HMML","HHML",1,"1","S5_1_ct","HL","HL",NA,"yinping","yinping",NA,"L","8",347.893177684402,2.06502316458802
"S5","青椒","di","ct",NA,"HL_HL","HMML","HHML",1,"1","S5_1_ct","HL","HL",NA,"yinping","yinping",NA,"L","9",347.360890615074,2.05544643470055
"S5","青椒","di","ct",NA,"HL_HL","HMML","HHML",1,"1","S5_1_ct","HL","HL",NA,"yinping","yinping",NA,"L","10",341.987779915554,1.95794513223454
"S5","青椒","di","ct",NA,"HL_HL","HMML","HHML",2,"1","S5_1_ct","HL","HL",NA,"yinping","yinping",NA,"L","11",323.856951551151,1.61724929491559
"S5","青椒","di","ct",NA,"HL_HL","HMML","HHML",2,"1","S5_1_ct","HL","HL",NA,"yinping","yinping",NA,"L","12",289.376500533078,0.913172259055053
"S5","青椒","di","ct",NA,"HL_HL","HMML","HHML",2,"1","S5_1_ct","HL","HL",NA,"yinping","yinping",NA,"L","13",264.379034614313,0.348120879682201
"S5","青椒","di","ct",NA,"HL_HL","HMML","HHML",2,"1","S5_1_ct","HL","HL",NA,"yinping","yinping",NA,"L","14",248.230171123592,-0.0460768083119469
"S5","青椒","di","ct",NA,"HL_HL","HMML","HHML",2,"1","S5_1_ct","HL","HL",NA,"yinping","yinping",NA,"L","15",237.2710910053,-0.328481750480504
"S5","青椒","di","ct",NA,"HL_HL","HMML","HHML",2,"1","S5_1_ct","HL","HL",NA,"yinping","yinping",NA,"L","16",229.726272392793,-0.530591349800279
"S5","青椒","di","ct",NA,"HL_HL","HMML","HHML",2,"1","S5_1_ct","HL","HL",NA,"yinping","yinping",NA,"L","17",220.331669631814,-0.791740043663706
"S5","青椒","di","ct",NA,"HL_HL","HMML","HHML",2,"1","S5_1_ct","HL","HL",NA,"yinping","yinping",NA,"L","18",209.302985065642,-1.11290977338555
"S5","青椒","di","ct",NA,"HL_HL","HMML","HHML",2,"1","S5_1_ct","HL","HL",NA,"yinping","yinping",NA,"L","19",200.256773168178,-1.38924413701456
"S5","青椒","di","ct",NA,"HL_HL","HMML","HHML",2,"1","S5_1_ct","HL","HL",NA,"yinping","yinping",NA,"L","20",204.182112503688,-1.26783462468325
"S5","书包","di","ct",NA,"HL_HH","HMML","HHML",1,"3","S5_3_ct","HL","HH",NA,"yinping","yinping",NA,"L","1",282.846869257197,0.770428643053753
"S5","书包","di","ct",NA,"HL_HH","HMML","HHML",1,"3","S5_3_ct","HL","HH",NA,"yinping","yinping",NA,"L","2",298.839909748017,1.11443469930535
"S5","书包","di","ct",NA,"HL_HH","HMML","HHML",1,"3","S5_3_ct","HL","HH",NA,"yinping","yinping",NA,"L","3",313.026016536333,1.40450253041421
"S5","书包","di","ct",NA,"HL_HH","HMML","HHML",1,"3","S5_3_ct","HL","HH",NA,"yinping","yinping",NA,"L","4",324.403374876333,1.62779303436164
"S5","书包","di","ct",NA,"HL_HH","HMML","HHML",1,"3","S5_3_ct","HL","HH",NA,"yinping","yinping",NA,"L","5",330.929701947157,1.75236946413672
"S5","书包","di","ct",NA,"HL_HH","HMML","HHML",1,"3","S5_3_ct","HL","HH",NA,"yinping","yinping",NA,"L","6",334.846576320034,1.82596154993211
"S5","书包","di","ct",NA,"HL_HH","HMML","HHML",1,"3","S5_3_ct","HL","HH",NA,"yinping","yinping",NA,"L","7",332.777827896529,1.78720084714094
"S5","书包","di","ct",NA,"HL_HH","HMML","HHML",1,"3","S5_3_ct","HL","HH",NA,"yinping","yinping",NA,"L","8",329.30765352925,1.72163827461147
"S5","书包","di","ct",NA,"HL_HH","HMML","HHML",1,"3","S5_3_ct","HL","HH",NA,"yinping","yinping",NA,"L","9",324.762486151761,1.63471274906647
"S5","书包","di","ct",NA,"HL_HH","HMML","HHML",1,"3","S5_3_ct","HL","HH",NA,"yinping","yinping",NA,"L","10",318.022272584055,1.50354146147295
"S5","书包","di","ct",NA,"HL_HH","HMML","HHML",2,"3","S5_3_ct","HL","HH",NA,"yinping","yinping",NA,"L","11",301.14597505988,1.16251282012358
"S5","书包","di","ct",NA,"HL_HH","HMML","HHML",2,"3","S5_3_ct","HL","HH",NA,"yinping","yinping",NA,"L","12",277.133421174835,0.64279787265445
"S5","书包","di","ct",NA,"HL_HH","HMML","HHML",2,"3","S5_3_ct","HL","HH",NA,"yinping","yinping",NA,"L","13",259.545889811664,0.232725653335067
"S5","书包","di","ct",NA,"HL_HH","HMML","HHML",2,"3","S5_3_ct","HL","HH",NA,"yinping","yinping",NA,"L","14",246.045630544006,-0.101361942907034
"S5","书包","di","ct",NA,"HL_HH","HMML","HHML",2,"3","S5_3_ct","HL","HH",NA,"yinping","yinping",NA,"L","15",233.573406511095,-0.426718968985343
"S5","书包","di","ct",NA,"HL_HH","HMML","HHML",2,"3","S5_3_ct","HL","HH",NA,"yinping","yinping",NA,"L","16",221.650933176026,-0.754402782947382
"S5","书包","di","ct",NA,"HL_HH","HMML","HHML",2,"3","S5_3_ct","HL","HH",NA,"yinping","yinping",NA,"L","17",210.854689979651,-1.06671279347109
"S5","书包","di","ct",NA,"HL_HH","HMML","HHML",2,"3","S5_3_ct","HL","HH",NA,"yinping","yinping",NA,"L","18",201.766272343339,-1.34227649600918
"S5","书包","di","ct",NA,"HL_HH","HMML","HHML",2,"3","S5_3_ct","HL","HH",NA,"yinping","yinping",NA,"L","19",193.696669013989,-1.59755924000558
"S5","书包","di","ct",NA,"HL_HH","HMML","HHML",2,"3","S5_3_ct","HL","HH",NA,"yinping","yinping",NA,"L","20",189.340973160877,-1.73980835981836
"S5","樱花","di","ct",NA,"HH_HH","HMML","HHML",1,"9","S5_9_ct","HH","HH",NA,"yinping","yinping",NA,"L","1",248.076401955523,-0.0499523644109473
"S5","樱花","di","ct",NA,"HH_HH","HMML","HHML",1,"9","S5_9_ct","HH","HH",NA,"yinping","yinping",NA,"L","2",283.262771592409,0.779618434638351
"S5","樱花","di","ct",NA,"HH_HH","HMML","HHML",1,"9","S5_9_ct","HH","HH",NA,"yinping","yinping",NA,"L","3",306.98439295885,1.28260828459194
"S5","樱花","di","ct",NA,"HH_HH","HMML","HHML",1,"9","S5_9_ct","HH","HH",NA,"yinping","yinping",NA,"L","4",317.357002836654,1.49044422513171
"S5","樱花","di","ct",NA,"HH_HH","HMML","HHML",1,"9","S5_9_ct","HH","HH",NA,"yinping","yinping",NA,"L","5",324.589341667681,1.63137738396975
"S5","樱花","di","ct",NA,"HH_HH","HMML","HHML",1,"9","S5_9_ct","HH","HH",NA,"yinping","yinping",NA,"L","6",329.17980813693,1.71920969495978
"S5","樱花","di","ct",NA,"HH_HH","HMML","HHML",1,"9","S5_9_ct","HH","HH",NA,"yinping","yinping",NA,"L","7",331.087260823278,1.75534653067369
"S5","樱花","di","ct",NA,"HH_HH","HMML","HHML",1,"9","S5_9_ct","HH","HH",NA,"yinping","yinping",NA,"L","8",330.632154574598,1.74674345455103
"S5","樱花","di","ct",NA,"HH_HH","HMML","HHML",1,"9","S5_9_ct","HH","HH",NA,"yinping","yinping",NA,"L","9",328.459743132218,1.70551353782483
"S5","樱花","di","ct",NA,"HH_HH","HMML","HHML",1,"9","S5_9_ct","HH","HH",NA,"yinping","yinping",NA,"L","10",322.155836971763,1.58431046018052
"S5","樱花","di","ct",NA,"HH_HH","HMML","HHML",2,"9","S5_9_ct","HH","HH",NA,"yinping","yinping",NA,"L","11",301.685812654035,1.17371446687186
"S5","樱花","di","ct",NA,"HH_HH","HMML","HHML",2,"9","S5_9_ct","HH","HH",NA,"yinping","yinping",NA,"L","12",270.565863782131,0.492795787670919
"S5","樱花","di","ct",NA,"HH_HH","HMML","HHML",2,"9","S5_9_ct","HH","HH",NA,"yinping","yinping",NA,"L","13",247.196148380207,-0.072184376633616
"S5","樱花","di","ct",NA,"HH_HH","HMML","HHML",2,"9","S5_9_ct","HH","HH",NA,"yinping","yinping",NA,"L","14",229.921603842236,-0.5252756344478
"S5","樱花","di","ct",NA,"HH_HH","HMML","HHML",2,"9","S5_9_ct","HH","HH",NA,"yinping","yinping",NA,"L","15",216.548608458487,-0.90005952090747
"S5","樱花","di","ct",NA,"HH_HH","HMML","HHML",2,"9","S5_9_ct","HH","HH",NA,"yinping","yinping",NA,"L","16",205.532140709987,-1.22661745959772
"S5","樱花","di","ct",NA,"HH_HH","HMML","HHML",2,"9","S5_9_ct","HH","HH",NA,"yinping","yinping",NA,"L","17",195.688923481087,-1.53355872087215
"S5","樱花","di","ct",NA,"HH_HH","HMML","HHML",2,"9","S5_9_ct","HH","HH",NA,"yinping","yinping",NA,"L","18",185.26276482663,-1.8759933474812
"S5","樱花","di","ct",NA,"HH_HH","HMML","HHML",2,"9","S5_9_ct","HH","HH",NA,"yinping","yinping",NA,"L","19",178.08630148536,-2.1230847760164
"S5","樱花","di","ct",NA,"HH_HH","HMML","HHML",2,"9","S5_9_ct","HH","HH",NA,"yinping","yinping",NA,"L","20",184.011385519344,-1.91838267240806
"S5","青菜","di","ct",NA,"HL_HL","HMML","HHML",1,"11","S5_11_ct","HL","HL",NA,"yinping","yinqu",NA,"L","1",286.810819982854,0.857472087674786
"S5","青菜","di","ct",NA,"HL_HL","HMML","HHML",1,"11","S5_11_ct","HL","HL",NA,"yinping","yinqu",NA,"L","2",331.127029660887,1.75609773680754
"S5","青菜","di","ct",NA,"HL_HL","HMML","HHML",1,"11","S5_11_ct","HL","HL",NA,"yinping","yinqu",NA,"L","3",356.125787809105,2.21130411152602
"S5","青菜","di","ct",NA,"HL_HL","HMML","HHML",1,"11","S5_11_ct","HL","HL",NA,"yinping","yinqu",NA,"L","4",361.910775522981,2.31208543432988
"S5","青菜","di","ct",NA,"HL_HL","HMML","HHML",1,"11","S5_11_ct","HL","HL",NA,"yinping","yinqu",NA,"L","5",365.500448963263,2.37381500338499
"S5","青菜","di","ct",NA,"HL_HL","HMML","HHML",1,"11","S5_11_ct","HL","HL",NA,"yinping","yinqu",NA,"L","6",367.719745318527,2.41167643090936
"S5","青菜","di","ct",NA,"HL_HL","HMML","HHML",1,"11","S5_11_ct","HL","HL",NA,"yinping","yinqu",NA,"L","7",366.490018581354,2.39072548467781
"S5","青菜","di","ct",NA,"HL_HL","HMML","HHML",1,"11","S5_11_ct","HL","HL",NA,"yinping","yinqu",NA,"L","8",361.758885026241,2.30945997666666
"S5","青菜","di","ct",NA,"HL_HL","HMML","HHML",1,"11","S5_11_ct","HL","HL",NA,"yinping","yinqu",NA,"L","9",351.427127428191,2.12823562632486
"S5","青菜","di","ct",NA,"HL_HL","HMML","HHML",1,"11","S5_11_ct","HL","HL",NA,"yinping","yinqu",NA,"L","10",336.05055189024,1.84840951532945
"S5","青菜","di","ct",NA,"HL_HL","HMML","HHML",2,"11","S5_11_ct","HL","HL",NA,"yinping","yinqu",NA,"L","11",317.049913829471,1.48438926662823
"S5","青菜","di","ct",NA,"HL_HL","HMML","HHML",2,"11","S5_11_ct","HL","HL",NA,"yinping","yinqu",NA,"L","12",293.851231387766,1.00914591756838
"S5","青菜","di","ct",NA,"HL_HL","HMML","HHML",2,"11","S5_11_ct","HL","HL",NA,"yinping","yinqu",NA,"L","13",275.690446981473,0.610147545210338
"S5","青菜","di","ct",NA,"HL_HL","HMML","HHML",2,"11","S5_11_ct","HL","HL",NA,"yinping","yinqu",NA,"L","14",257.366506577125,0.179986396252595
"S5","青菜","di","ct",NA,"HL_HL","HMML","HHML",2,"11","S5_11_ct","HL","HL",NA,"yinping","yinqu",NA,"L","15",241.066469358073,-0.229228558556058
"S5","青菜","di","ct",NA,"HL_HL","HMML","HHML",2,"11","S5_11_ct","HL","HL",NA,"yinping","yinqu",NA,"L","16",227.795374743192,-0.58338296641716
"S5","青菜","di","ct",NA,"HL_HL","HMML","HHML",2,"11","S5_11_ct","HL","HL",NA,"yinping","yinqu",NA,"L","17",216.028966507,-0.915085929313653
"S5","青菜","di","ct",NA,"HL_HL","HMML","HHML",2,"11","S5_11_ct","HL","HL",NA,"yinping","yinqu",NA,"L","18",203.242356541479,-1.29668712987282
"S5","青菜","di","ct",NA,"HL_HL","HMML","HHML",2,"11","S5_11_ct","HL","HL",NA,"yinping","yinqu",NA,"L","19",189.568215531491,-1.73230649900401
"S5","青菜","di","ct",NA,"HL_HL","HMML","HHML",2,"11","S5_11_ct","HL","HL",NA,"yinping","yinqu",NA,"L","20",184.96072935147,-1.88619824981169
"S5","樱桃","di","ct",NA,"HH_RF","HMML","HHML",1,"17","S5_17_ct","HH","LHL",NA,"yinping","yangping",NA,"L","1",234.721098022745,-0.39606252664186
"S5","樱桃","di","ct",NA,"HH_RF","HMML","HHML",1,"17","S5_17_ct","HH","LHL",NA,"yinping","yangping",NA,"L","2",268.932020032129,0.454913440530466
"S5","樱桃","di","ct",NA,"HH_RF","HMML","HHML",1,"17","S5_17_ct","HH","LHL",NA,"yinping","yangping",NA,"L","3",285.242266860633,0.82317330056051
"S5","樱桃","di","ct",NA,"HH_RF","HMML","HHML",1,"17","S5_17_ct","HH","LHL",NA,"yinping","yangping",NA,"L","4",299.707805131297,1.1325724605822
"S5","樱桃","di","ct",NA,"HH_RF","HMML","HHML",1,"17","S5_17_ct","HH","LHL",NA,"yinping","yangping",NA,"L","5",311.90860665184,1.38213628112121
"S5","樱桃","di","ct",NA,"HH_RF","HMML","HHML",1,"17","S5_17_ct","HH","LHL",NA,"yinping","yangping",NA,"L","6",319.889312115749,1.54015224643807
"S5","樱桃","di","ct",NA,"HH_RF","HMML","HHML",1,"17","S5_17_ct","HH","LHL",NA,"yinping","yangping",NA,"L","7",321.985365878926,1.58100002985589
"S5","樱桃","di","ct",NA,"HH_RF","HMML","HHML",1,"17","S5_17_ct","HH","LHL",NA,"yinping","yangping",NA,"L","8",316.676368312043,1.47701605605991
"S5","樱桃","di","ct",NA,"HH_RF","HMML","HHML",1,"17","S5_17_ct","HH","LHL",NA,"yinping","yangping",NA,"L","9",305.602861623797,1.25439794621222
"S5","樱桃","di","ct",NA,"HH_RF","HMML","HHML",1,"17","S5_17_ct","HH","LHL",NA,"yinping","yangping",NA,"L","10",289.127008531756,0.907777582238024
"S5","樱桃","di","ct",NA,"HH_RF","HMML","HHML",2,"17","S5_17_ct","HH","LHL",NA,"yinping","yangping",NA,"L","11",267.542346767462,0.422510869295411
"S5","樱桃","di","ct",NA,"HH_RF","HMML","HHML",2,"17","S5_17_ct","HH","LHL",NA,"yinping","yangping",NA,"L","12",247.58372493914,-0.0623858598140705
"S5","樱桃","di","ct",NA,"HH_RF","HMML","HHML",2,"17","S5_17_ct","HH","LHL",NA,"yinping","yangping",NA,"L","13",231.519075049167,-0.481971070229003
"S5","樱桃","di","ct",NA,"HH_RF","HMML","HHML",2,"17","S5_17_ct","HH","LHL",NA,"yinping","yangping",NA,"L","14",216.660623264894,-0.896825129939696
"S5","樱桃","di","ct",NA,"HH_RF","HMML","HHML",2,"17","S5_17_ct","HH","LHL",NA,"yinping","yangping",NA,"L","15",205.003765931423,-1.24271672081322
"S5","樱桃","di","ct",NA,"HH_RF","HMML","HHML",2,"17","S5_17_ct","HH","LHL",NA,"yinping","yangping",NA,"L","16",196.747062465266,-1.49983078846895
"S5","樱桃","di","ct",NA,"HH_RF","HMML","HHML",2,"17","S5_17_ct","HH","LHL",NA,"yinping","yangping",NA,"L","17",189.545014090177,-1.73307202651309
"S5","樱桃","di","ct",NA,"HH_RF","HMML","HHML",2,"17","S5_17_ct","HH","LHL",NA,"yinping","yangping",NA,"L","18",182.508507064415,-1.9696739501365
"S5","樱桃","di","ct",NA,"HH_RF","HMML","HHML",2,"17","S5_17_ct","HH","LHL",NA,"yinping","yangping",NA,"L","19",175.411298138248,-2.21774356121832
"S5","樱桃","di","ct",NA,"HH_RF","HMML","HHML",2,"17","S5_17_ct","HH","LHL",NA,"yinping","yangping",NA,"L","20",172.886557554053,-2.30841872390862
"S5","书房","di","ct",NA,"HL_RF","HMML","HHML",1,"21","S5_21_ct","HL","LHL",NA,"yinping","yangping",NA,"L","1",293.060506106093,0.992293280481765
"S5","书房","di","ct",NA,"HL_RF","HMML","HHML",1,"21","S5_21_ct","HL","LHL",NA,"yinping","yangping",NA,"L","2",314.001455563501,1.42396189634674
"S5","书房","di","ct",NA,"HL_RF","HMML","HHML",1,"21","S5_21_ct","HL","LHL",NA,"yinping","yangping",NA,"L","3",326.715012785893,1.67220259216158
"S5","书房","di","ct",NA,"HL_RF","HMML","HHML",1,"21","S5_21_ct","HL","LHL",NA,"yinping","yangping",NA,"L","4",329.817685587569,1.73131758306276
"S5","书房","di","ct",NA,"HL_RF","HMML","HHML",1,"21","S5_21_ct","HL","LHL",NA,"yinping","yangping",NA,"L","5",326.887444851714,1.67550263168238
"S5","书房","di","ct",NA,"HL_RF","HMML","HHML",1,"21","S5_21_ct","HL","LHL",NA,"yinping","yangping",NA,"L","6",320.88935568389,1.5596743226792
"S5","书房","di","ct",NA,"HL_RF","HMML","HHML",1,"21","S5_21_ct","HL","LHL",NA,"yinping","yangping",NA,"L","7",312.463620909863,1.39325553006155
"S5","书房","di","ct",NA,"HL_RF","HMML","HHML",1,"21","S5_21_ct","HL","LHL",NA,"yinping","yangping",NA,"L","8",302.865979702639,1.19813332205431
"S5","书房","di","ct",NA,"HL_RF","HMML","HHML",1,"21","S5_21_ct","HL","LHL",NA,"yinping","yangping",NA,"L","9",292.368483687684,0.977506932663393
"S5","书房","di","ct",NA,"HL_RF","HMML","HHML",1,"21","S5_21_ct","HL","LHL",NA,"yinping","yangping",NA,"L","10",280.543057672592,0.719277531370614
"S5","书房","di","ct",NA,"HL_RF","HMML","HHML",2,"21","S5_21_ct","HL","LHL",NA,"yinping","yangping",NA,"L","11",266.599564626842,0.400432351321384
"S5","书房","di","ct",NA,"HL_RF","HMML","HHML",2,"21","S5_21_ct","HL","LHL",NA,"yinping","yangping",NA,"L","12",246.649984390568,-0.0860183316215681
"S5","书房","di","ct",NA,"HL_RF","HMML","HHML",2,"21","S5_21_ct","HL","LHL",NA,"yinping","yangping",NA,"L","13",232.937668568144,-0.44376531182637
"S5","书房","di","ct",NA,"HL_RF","HMML","HHML",2,"21","S5_21_ct","HL","LHL",NA,"yinping","yangping",NA,"L","14",221.222302208535,-0.766509294514857
"S5","书房","di","ct",NA,"HL_RF","HMML","HHML",2,"21","S5_21_ct","HL","LHL",NA,"yinping","yangping",NA,"L","15",209.310202478671,-1.1126941065184
"S5","书房","di","ct",NA,"HL_RF","HMML","HHML",2,"21","S5_21_ct","HL","LHL",NA,"yinping","yangping",NA,"L","16",197.162575325595,-1.48663598881707
"S5","书房","di","ct",NA,"HL_RF","HMML","HHML",2,"21","S5_21_ct","HL","LHL",NA,"yinping","yangping",NA,"L","17",184.71174336769,-1.89462330257252
"S5","书房","di","ct",NA,"HL_RF","HMML","HHML",2,"21","S5_21_ct","HL","LHL",NA,"yinping","yangping",NA,"L","18",175.751749378365,-2.20561634772051
"S5","书房","di","ct",NA,"HL_RF","HMML","HHML",2,"21","S5_21_ct","HL","LHL",NA,"yinping","yangping",NA,"L","19",172.085715210559,-2.33745750576026
"S5","书房","di","ct",NA,"HL_RF","HMML","HHML",2,"21","S5_21_ct","HL","LHL",NA,"yinping","yangping",NA,"L","20",182.312932060994,-1.97637970714314
"S5","青豆","di","ct",NA,"HL_LH","HMML","HHML",1,"25","S5_25_ct","HL","LH",NA,"yinping","yangqu",NA,"L","1",304.780652041253,1.23754814514255
"S5","青豆","di","ct",NA,"HL_LH","HMML","HHML",1,"25","S5_25_ct","HL","LH",NA,"yinping","yangqu",NA,"L","2",317.678904679654,1.49678496583676
"S5","青豆","di","ct",NA,"HL_LH","HMML","HHML",1,"25","S5_25_ct","HL","LH",NA,"yinping","yangqu",NA,"L","3",326.851398717903,1.67481291746771
"S5","青豆","di","ct",NA,"HL_LH","HMML","HHML",1,"25","S5_25_ct","HL","LH",NA,"yinping","yangqu",NA,"L","4",331.216420736335,1.75778594380036
"S5","青豆","di","ct",NA,"HL_LH","HMML","HHML",1,"25","S5_25_ct","HL","LH",NA,"yinping","yangqu",NA,"L","5",334.428913038741,1.81815541222527
"S5","青豆","di","ct",NA,"HL_LH","HMML","HHML",1,"25","S5_25_ct","HL","LH",NA,"yinping","yangqu",NA,"L","6",334.802748367146,1.82514286173802
"S5","青豆","di","ct",NA,"HL_LH","HMML","HHML",1,"25","S5_25_ct","HL","LH",NA,"yinping","yangqu",NA,"L","7",331.477021281357,1.76270495085402
"S5","青豆","di","ct",NA,"HL_LH","HMML","HHML",1,"25","S5_25_ct","HL","LH",NA,"yinping","yangqu",NA,"L","8",324.300105266697,1.6258017142163
"S5","青豆","di","ct",NA,"HL_LH","HMML","HHML",1,"25","S5_25_ct","HL","LH",NA,"yinping","yangqu",NA,"L","9",314.93128194902,1.44245512575166
"S5","青豆","di","ct",NA,"HL_LH","HMML","HHML",1,"25","S5_25_ct","HL","LH",NA,"yinping","yangqu",NA,"L","10",302.19705770978,1.18430435299946
"S5","青豆","di","ct",NA,"HL_LH","HMML","HHML",2,"25","S5_25_ct","HL","LH",NA,"yinping","yangqu",NA,"L","11",276.43530429001,0.627022791494128
"S5","青豆","di","ct",NA,"HL_LH","HMML","HHML",2,"25","S5_25_ct","HL","LH",NA,"yinping","yangqu",NA,"L","12",249.914977141043,-0.00376998348834691
"S5","青豆","di","ct",NA,"HL_LH","HMML","HHML",2,"25","S5_25_ct","HL","LH",NA,"yinping","yangqu",NA,"L","13",234.781686897953,-0.394448281470336
"S5","青豆","di","ct",NA,"HL_LH","HMML","HHML",2,"25","S5_25_ct","HL","LH",NA,"yinping","yangqu",NA,"L","14",226.519501775946,-0.61851201564461
"S5","青豆","di","ct",NA,"HL_LH","HMML","HHML",2,"25","S5_25_ct","HL","LH",NA,"yinping","yangqu",NA,"L","15",220.62770306178,-0.783342408158236
"S5","青豆","di","ct",NA,"HL_LH","HMML","HHML",2,"25","S5_25_ct","HL","LH",NA,"yinping","yangqu",NA,"L","16",215.235663885945,-0.938095595260155
"S5","青豆","di","ct",NA,"HL_LH","HMML","HHML",2,"25","S5_25_ct","HL","LH",NA,"yinping","yangqu",NA,"L","17",207.792821222031,-1.15820004433096
"S5","青豆","di","ct",NA,"HL_LH","HMML","HHML",2,"25","S5_25_ct","HL","LH",NA,"yinping","yangqu",NA,"L","18",198.561857796688,-1.44240474886751
"S5","青豆","di","ct",NA,"HL_LH","HMML","HHML",2,"25","S5_25_ct","HL","LH",NA,"yinping","yangqu",NA,"L","19",189.308323006581,-1.74088696589153
"S5","青豆","di","ct",NA,"HL_LH","HMML","HHML",2,"25","S5_25_ct","HL","LH",NA,"yinping","yangqu",NA,"L","20",190.769485125635,-1.69279829130547
"S5","新店","di","ct",NA,"HH_HL","HMML","HHML",1,"38","S5_38_ct","HH","HL",NA,"yinping","yinqu",NA,"M","1",294.009671086808,1.01251727049357
"S5","新店","di","ct",NA,"HH_HL","HMML","HHML",1,"38","S5_38_ct","HH","HL",NA,"yinping","yinqu",NA,"M","2",300.557765610324,1.15028457318889
"S5","新店","di","ct",NA,"HH_HL","HMML","HHML",1,"38","S5_38_ct","HH","HL",NA,"yinping","yinqu",NA,"M","3",306.347367462648,1.26961627619535
"S5","新店","di","ct",NA,"HH_HL","HMML","HHML",1,"38","S5_38_ct","HH","HL",NA,"yinping","yinqu",NA,"M","4",311.174697844449,1.36740261032123
"S5","新店","di","ct",NA,"HH_HL","HMML","HHML",1,"38","S5_38_ct","HH","HL",NA,"yinping","yinqu",NA,"M","5",315.710664416534,1.4579141748053
"S5","新店","di","ct",NA,"HH_HL","HMML","HHML",1,"38","S5_38_ct","HH","HL",NA,"yinping","yinqu",NA,"M","6",317.86226699775,1.5003939185244
"S5","新店","di","ct",NA,"HH_HL","HMML","HHML",1,"38","S5_38_ct","HH","HL",NA,"yinping","yinqu",NA,"M","7",314.576189821753,1.43539918416717
"S5","新店","di","ct",NA,"HH_HL","HMML","HHML",1,"38","S5_38_ct","HH","HL",NA,"yinping","yinqu",NA,"M","8",308.931741461352,1.32215754107383
"S5","新店","di","ct",NA,"HH_HL","HMML","HHML",1,"38","S5_38_ct","HH","HL",NA,"yinping","yinqu",NA,"M","9",305.47669396912,1.25181529916451
"S5","新店","di","ct",NA,"HH_HL","HMML","HHML",1,"38","S5_38_ct","HH","HL",NA,"yinping","yinqu",NA,"M","10",303.600155445072,1.21327620148029
"S5","新店","di","ct",NA,"HH_HL","HMML","HHML",2,"38","S5_38_ct","HH","HL",NA,"yinping","yinqu",NA,"M","11",284.024247150098,0.796409109769768
"S5","新店","di","ct",NA,"HH_HL","HMML","HHML",2,"38","S5_38_ct","HH","HL",NA,"yinping","yinqu",NA,"M","12",252.258507135474,0.0546060614954652
"S5","新店","di","ct",NA,"HH_HL","HMML","HHML",2,"38","S5_38_ct","HH","HL",NA,"yinping","yinqu",NA,"M","13",241.920214733188,-0.207117555986558
"S5","新店","di","ct",NA,"HH_HL","HMML","HHML",2,"38","S5_38_ct","HH","HL",NA,"yinping","yinqu",NA,"M","14",236.393027116412,-0.351670156917548
"S5","新店","di","ct",NA,"HH_HL","HMML","HHML",2,"38","S5_38_ct","HH","HL",NA,"yinping","yinqu",NA,"M","15",230.475771025717,-0.510219171786441
"S5","新店","di","ct",NA,"HH_HL","HMML","HHML",2,"38","S5_38_ct","HH","HL",NA,"yinping","yinqu",NA,"M","16",223.396337115576,-0.705345124751166
"S5","新店","di","ct",NA,"HH_HL","HMML","HHML",2,"38","S5_38_ct","HH","HL",NA,"yinping","yinqu",NA,"M","17",217.364287354677,-0.876545226236018
"S5","新店","di","ct",NA,"HH_HL","HMML","HHML",2,"38","S5_38_ct","HH","HL",NA,"yinping","yinqu",NA,"M","18",214.22772331935,-0.96745345241725
"S5","新店","di","ct",NA,"HH_HL","HMML","HHML",2,"38","S5_38_ct","HH","HL",NA,"yinping","yinqu",NA,"M","19",211.80167552685,-1.03868612736538
"S5","新店","di","ct",NA,"HH_HL","HMML","HHML",2,"38","S5_38_ct","HH","HL",NA,"yinping","yinqu",NA,"M","20",207.126099287615,-1.17830007193067
"S5","新车","di","ct",NA,"HH_HH","HMML",NA,1,"45","S5_45_ct","HH","HH",NA,"yinping","yinping",NA,"M","1",304.837443980446,1.23871346091691
"S5","新车","di","ct",NA,"HH_HH","HMML",NA,1,"45","S5_45_ct","HH","HH",NA,"yinping","yinping",NA,"M","2",315.004246969242,1.44390400896787
"S5","新车","di","ct",NA,"HH_HH","HMML",NA,1,"45","S5_45_ct","HH","HH",NA,"yinping","yinping",NA,"M","3",321.971306023099,1.58072691897919
"S5","新车","di","ct",NA,"HH_HH","HMML",NA,1,"45","S5_45_ct","HH","HH",NA,"yinping","yinping",NA,"M","4",325.455329328141,1.64804154810056
"S5","新车","di","ct",NA,"HH_HH","HMML",NA,1,"45","S5_45_ct","HH","HH",NA,"yinping","yinping",NA,"M","5",329.002512623118,1.71584018828854
"S5","新车","di","ct",NA,"HH_HH","HMML",NA,1,"45","S5_45_ct","HH","HH",NA,"yinping","yinping",NA,"M","6",331.772708318386,1.76828155745784
"S5","新车","di","ct",NA,"HH_HH","HMML",NA,1,"45","S5_45_ct","HH","HH",NA,"yinping","yinping",NA,"M","7",332.897188275384,1.78944376160635
"S5","新车","di","ct",NA,"HH_HH","HMML",NA,1,"45","S5_45_ct","HH","HH",NA,"yinping","yinping",NA,"M","8",332.010247526398,1.77275790710733
"S5","新车","di","ct",NA,"HH_HH","HMML",NA,1,"45","S5_45_ct","HH","HH",NA,"yinping","yinping",NA,"M","9",329.912013398013,1.7331060812224
"S5","新车","di","ct",NA,"HH_HH","HMML",NA,1,"45","S5_45_ct","HH","HH",NA,"yinping","yinping",NA,"M","10",324.455151020251,1.62879118126613
"S5","新车","di","ct",NA,"HH_HH","HMML",NA,2,"45","S5_45_ct","HH","HH",NA,"yinping","yinping",NA,"M","11",312.121303349121,1.38639981907258
"S5","新车","di","ct",NA,"HH_HH","HMML",NA,2,"45","S5_45_ct","HH","HH",NA,"yinping","yinping",NA,"M","12",291.054439124335,0.949333347501173
"S5","新车","di","ct",NA,"HH_HH","HMML",NA,2,"45","S5_45_ct","HH","HH",NA,"yinping","yinping",NA,"M","13",279.247763333159,0.690333551608821
"S5","新车","di","ct",NA,"HH_HH","HMML",NA,2,"45","S5_45_ct","HH","HH",NA,"yinping","yinping",NA,"M","14",270.03975993371,0.480622557528788
"S5","新车","di","ct",NA,"HH_HH","HMML",NA,2,"45","S5_45_ct","HH","HH",NA,"yinping","yinping",NA,"M","15",265.898272918881,0.3839584719109
"S5","新车","di","ct",NA,"HH_HH","HMML",NA,2,"45","S5_45_ct","HH","HH",NA,"yinping","yinping",NA,"M","16",264.15201490364,0.34274799075125
"S5","新车","di","ct",NA,"HH_HH","HMML",NA,2,"45","S5_45_ct","HH","HH",NA,"yinping","yinping",NA,"M","17",263.849734193959,0.335586723268079
"S5","新车","di","ct",NA,"HH_HH","HMML",NA,2,"45","S5_45_ct","HH","HH",NA,"yinping","yinping",NA,"M","18",265.222317498387,0.368038586874865
"S5","新车","di","ct",NA,"HH_HH","HMML",NA,2,"45","S5_45_ct","HH","HH",NA,"yinping","yinping",NA,"M","19",267.76462149296,0.427704869792938
"S5","新车","di","ct",NA,"HH_HH","HMML",NA,2,"45","S5_45_ct","HH","HH",NA,"yinping","yinping",NA,"M","20",265.267687549368,0.369108397331934
"S5","新房","di","ct",NA,"HH_RF","HMML","HHML",1,"47","S5_47_ct","HH","LHL",NA,"yinping","yangping",NA,"M","1",259.396920136317,0.229134837263894
"S5","新房","di","ct",NA,"HH_RF","HMML","HHML",1,"47","S5_47_ct","HH","LHL",NA,"yinping","yangping",NA,"M","2",292.050892103083,0.970709276413821
"S5","新房","di","ct",NA,"HH_RF","HMML","HHML",1,"47","S5_47_ct","HH","LHL",NA,"yinping","yangping",NA,"M","3",306.711512729206,1.27704625044546
"S5","新房","di","ct",NA,"HH_RF","HMML","HHML",1,"47","S5_47_ct","HH","LHL",NA,"yinping","yangping",NA,"M","4",308.182756626234,1.30697577608546
"S5","新房","di","ct",NA,"HH_RF","HMML","HHML",1,"47","S5_47_ct","HH","LHL",NA,"yinping","yangping",NA,"M","5",307.857036836051,1.30036198920391
"S5","新房","di","ct",NA,"HH_RF","HMML","HHML",1,"47","S5_47_ct","HH","LHL",NA,"yinping","yangping",NA,"M","6",305.872447855199,1.25991279471358
"S5","新房","di","ct",NA,"HH_RF","HMML","HHML",1,"47","S5_47_ct","HH","LHL",NA,"yinping","yangping",NA,"M","7",302.202491420457,1.18441681017063
"S5","新房","di","ct",NA,"HH_RF","HMML","HHML",1,"47","S5_47_ct","HH","LHL",NA,"yinping","yangping",NA,"M","8",295.679173836493,1.04793169288092
"S5","新房","di","ct",NA,"HH_RF","HMML","HHML",1,"47","S5_47_ct","HH","LHL",NA,"yinping","yangping",NA,"M","9",286.153785672484,0.843127924372027
"S5","新房","di","ct",NA,"HH_RF","HMML","HHML",1,"47","S5_47_ct","HH","LHL",NA,"yinping","yangping",NA,"M","10",270.73717325165,0.49675451598313
"S5","新房","di","ct",NA,"HH_RF","HMML","HHML",2,"47","S5_47_ct","HH","LHL",NA,"yinping","yangping",NA,"M","11",245.805698611552,-0.107463898084174
"S5","新房","di","ct",NA,"HH_RF","HMML","HHML",2,"47","S5_47_ct","HH","LHL",NA,"yinping","yangping",NA,"M","12",224.088675193253,-0.6859918328712
"S5","新房","di","ct",NA,"HH_RF","HMML","HHML",2,"47","S5_47_ct","HH","LHL",NA,"yinping","yangping",NA,"M","13",212.153822207003,-1.0282960638364
"S5","新房","di","ct",NA,"HH_RF","HMML","HHML",2,"47","S5_47_ct","HH","LHL",NA,"yinping","yangping",NA,"M","14",205.961046949507,-1.21357934938679
"S5","新房","di","ct",NA,"HH_RF","HMML","HHML",2,"47","S5_47_ct","HH","LHL",NA,"yinping","yangping",NA,"M","15",201.232743613858,-1.35883682096404
"S5","新房","di","ct",NA,"HH_RF","HMML","HHML",2,"47","S5_47_ct","HH","LHL",NA,"yinping","yangping",NA,"M","16",196.528050099859,-1.50679684497101
"S5","新房","di","ct",NA,"HH_RF","HMML","HHML",2,"47","S5_47_ct","HH","LHL",NA,"yinping","yangping",NA,"M","17",191.512120237484,-1.66849822827038
"S5","新房","di","ct",NA,"HH_RF","HMML","HHML",2,"47","S5_47_ct","HH","LHL",NA,"yinping","yangping",NA,"M","18",186.375278463146,-1.83854770800719
"S5","新房","di","ct",NA,"HH_RF","HMML","HHML",2,"47","S5_47_ct","HH","LHL",NA,"yinping","yangping",NA,"M","19",181.50801787679,-2.00405405285042
"S5","新房","di","ct",NA,"HH_RF","HMML","HHML",2,"47","S5_47_ct","HH","LHL",NA,"yinping","yangping",NA,"M","20",183.578445242421,-1.93311527517723
"S5","新路","di","ct",NA,"HH_LH","HMML",NA,1,"51","S5_51_ct","HH","LH",NA,"yinping","yangqu",NA,"M","1",278.162498061987,0.665979216856149
"S5","新路","di","ct",NA,"HH_LH","HMML",NA,1,"51","S5_51_ct","HH","LH",NA,"yinping","yangqu",NA,"M","2",311.060818991565,1.36511330842492
"S5","新路","di","ct",NA,"HH_LH","HMML",NA,1,"51","S5_51_ct","HH","LH",NA,"yinping","yangqu",NA,"M","3",325.961019444558,1.65775202758248
"S5","新路","di","ct",NA,"HH_LH","HMML",NA,1,"51","S5_51_ct","HH","LH",NA,"yinping","yangqu",NA,"M","4",333.138443516016,1.79397476186861
"S5","新路","di","ct",NA,"HH_LH","HMML",NA,1,"51","S5_51_ct","HH","LH",NA,"yinping","yangqu",NA,"M","5",337.51533735141,1.87561205146964
"S5","新路","di","ct",NA,"HH_LH","HMML",NA,1,"51","S5_51_ct","HH","LH",NA,"yinping","yangqu",NA,"M","6",338.00111671859,1.88460739976872
"S5","新路","di","ct",NA,"HH_LH","HMML",NA,1,"51","S5_51_ct","HH","LH",NA,"yinping","yangqu",NA,"M","7",334.562505166515,1.82065331253751
"S5","新路","di","ct",NA,"HH_LH","HMML",NA,1,"51","S5_51_ct","HH","LH",NA,"yinping","yangqu",NA,"M","8",327.527911343171,1.68774478589368
"S5","新路","di","ct",NA,"HH_LH","HMML",NA,1,"51","S5_51_ct","HH","LH",NA,"yinping","yangqu",NA,"M","9",315.620088768996,1.45611956811861
"S5","新路","di","ct",NA,"HH_LH","HMML",NA,1,"51","S5_51_ct","HH","LH",NA,"yinping","yangqu",NA,"M","10",293.884651994324,1.00985720788704
"S5","新路","di","ct",NA,"HH_LH","HMML",NA,2,"51","S5_51_ct","HH","LH",NA,"yinping","yangqu",NA,"M","11",257.921986543605,0.193470835799813
"S5","新路","di","ct",NA,"HH_LH","HMML",NA,2,"51","S5_51_ct","HH","LH",NA,"yinping","yangqu",NA,"M","12",227.097807658631,-0.602564868437225
"S5","新路","di","ct",NA,"HH_LH","HMML",NA,2,"51","S5_51_ct","HH","LH",NA,"yinping","yangqu",NA,"M","13",211.578220807372,-1.04528810601969
"S5","新路","di","ct",NA,"HH_LH","HMML",NA,2,"51","S5_51_ct","HH","LH",NA,"yinping","yangqu",NA,"M","14",203.617668673484,-1.28514828111785
"S5","新路","di","ct",NA,"HH_LH","HMML",NA,2,"51","S5_51_ct","HH","LH",NA,"yinping","yangqu",NA,"M","15",203.20395255167,-1.29786904948474
"S5","新路","di","ct",NA,"HH_LH","HMML",NA,2,"51","S5_51_ct","HH","LH",NA,"yinping","yangqu",NA,"M","16",208.47260423097,-1.13777254866187
"S5","新路","di","ct",NA,"HH_LH","HMML",NA,2,"51","S5_51_ct","HH","LH",NA,"yinping","yangqu",NA,"M","17",216.940430891481,-0.888753076011115
"S5","新路","di","ct",NA,"HH_LH","HMML",NA,2,"51","S5_51_ct","HH","LH",NA,"yinping","yangqu",NA,"M","18",225.481294531181,-0.647243654247457
"S5","新路","di","ct",NA,"HH_LH","HMML",NA,2,"51","S5_51_ct","HH","LH",NA,"yinping","yangqu",NA,"M","19",231.183722141412,-0.491037051208115
"S5","新路","di","ct",NA,"HH_LH","HMML",NA,2,"51","S5_51_ct","HH","LH",NA,"yinping","yangqu",NA,"M","20",232.64729863962,-0.451566621556158
"S6","青椒","di","ct",NA,"HH_HH","HMML","RFLL",1,"1","S6_1_ct","HH","HH",NA,"yinping","yinping",NA,"L","1",195.215508692829,2.25239275423542
"S6","青椒","di","ct",NA,"HH_HH","HMML","RFLL",1,"1","S6_1_ct","HH","HH",NA,"yinping","yinping",NA,"L","2",200.838152602601,2.42845736049404
"S6","青椒","di","ct",NA,"HH_HH","HMML","RFLL",1,"1","S6_1_ct","HH","HH",NA,"yinping","yinping",NA,"L","3",206.82417640531,2.61056384368065
"S6","青椒","di","ct",NA,"HH_HH","HMML","RFLL",1,"1","S6_1_ct","HH","HH",NA,"yinping","yinping",NA,"L","4",210.88263758992,2.73105629408714
"S6","青椒","di","ct",NA,"HH_HH","HMML","RFLL",1,"1","S6_1_ct","HH","HH",NA,"yinping","yinping",NA,"L","5",212.242163650465,2.77090157404501
"S6","青椒","di","ct",NA,"HH_HH","HMML","RFLL",1,"1","S6_1_ct","HH","HH",NA,"yinping","yinping",NA,"L","6",210.228939836635,2.71180603881791
"S6","青椒","di","ct",NA,"HH_HH","HMML","RFLL",1,"1","S6_1_ct","HH","HH",NA,"yinping","yinping",NA,"L","7",206.017846974988,2.58634321013382
"S6","青椒","di","ct",NA,"HH_HH","HMML","RFLL",1,"1","S6_1_ct","HH","HH",NA,"yinping","yinping",NA,"L","8",199.831540725499,2.39730199836115
"S6","青椒","di","ct",NA,"HH_HH","HMML","RFLL",1,"1","S6_1_ct","HH","HH",NA,"yinping","yinping",NA,"L","9",188.497939435914,2.0352697498997
"S6","青椒","di","ct",NA,"HH_HH","HMML","RFLL",1,"1","S6_1_ct","HH","HH",NA,"yinping","yinping",NA,"L","10",172.796563468683,1.4959996676643
"S6","青椒","di","ct",NA,"HH_HH","HMML","RFLL",2,"1","S6_1_ct","HH","HH",NA,"yinping","yinping",NA,"L","11",151.111833448019,0.66454565579256
"S6","青椒","di","ct",NA,"HH_HH","HMML","RFLL",2,"1","S6_1_ct","HH","HH",NA,"yinping","yinping",NA,"L","12",129.227466940996,-0.305497057404491
"S6","青椒","di","ct",NA,"HH_HH","HMML","RFLL",2,"1","S6_1_ct","HH","HH",NA,"yinping","yinping",NA,"L","13",120.727672063631,-0.727358848535578
"S6","青椒","di","ct",NA,"HH_HH","HMML","RFLL",2,"1","S6_1_ct","HH","HH",NA,"yinping","yinping",NA,"L","14",117.957122690964,-0.871310608750891
"S6","青椒","di","ct",NA,"HH_HH","HMML","RFLL",2,"1","S6_1_ct","HH","HH",NA,"yinping","yinping",NA,"L","15",116.055842871439,-0.972066861613122
"S6","青椒","di","ct",NA,"HH_HH","HMML","RFLL",2,"1","S6_1_ct","HH","HH",NA,"yinping","yinping",NA,"L","16",113.526490401395,-1.10869646050751
"S6","青椒","di","ct",NA,"HH_HH","HMML","RFLL",2,"1","S6_1_ct","HH","HH",NA,"yinping","yinping",NA,"L","17",111.401283265452,-1.22586943045665
"S6","青椒","di","ct",NA,"HH_HH","HMML","RFLL",2,"1","S6_1_ct","HH","HH",NA,"yinping","yinping",NA,"L","18",110.604186499755,-1.27039459894698
"S6","青椒","di","ct",NA,"HH_HH","HMML","RFLL",2,"1","S6_1_ct","HH","HH",NA,"yinping","yinping",NA,"L","19",110.597707776226,-1.27075780822924
"S6","青椒","di","ct",NA,"HH_HH","HMML","RFLL",2,"1","S6_1_ct","HH","HH",NA,"yinping","yinping",NA,"L","20",113.73829061135,-1.09713931166831
"S6","书包","di","ct",NA,"HH_HH","HMML","RFLL",1,"3","S6_3_ct","HH","HH",NA,"yinping","yinping",NA,"L","1",184.663211912422,1.90782859230548
"S6","书包","di","ct",NA,"HH_HH","HMML","RFLL",1,"3","S6_3_ct","HH","HH",NA,"yinping","yinping",NA,"L","2",195.167617746365,2.25087144074122
"S6","书包","di","ct",NA,"HH_HH","HMML","RFLL",1,"3","S6_3_ct","HH","HH",NA,"yinping","yinping",NA,"L","3",197.803101850434,2.33404074213258
"S6","书包","di","ct",NA,"HH_HH","HMML","RFLL",1,"3","S6_3_ct","HH","HH",NA,"yinping","yinping",NA,"L","4",193.78076328082,2.20665364442641
"S6","书包","di","ct",NA,"HH_HH","HMML","RFLL",1,"3","S6_3_ct","HH","HH",NA,"yinping","yinping",NA,"L","5",188.533074002737,2.03642536674113
"S6","书包","di","ct",NA,"HH_HH","HMML","RFLL",1,"3","S6_3_ct","HH","HH",NA,"yinping","yinping",NA,"L","6",184.022030213293,1.88626196987313
"S6","书包","di","ct",NA,"HH_HH","HMML","RFLL",1,"3","S6_3_ct","HH","HH",NA,"yinping","yinping",NA,"L","7",179.47133296644,1.73100164812459
"S6","书包","di","ct",NA,"HH_HH","HMML","RFLL",1,"3","S6_3_ct","HH","HH",NA,"yinping","yinping",NA,"L","8",174.136952201883,1.54391152485922
"S6","书包","di","ct",NA,"HH_HH","HMML","RFLL",1,"3","S6_3_ct","HH","HH",NA,"yinping","yinping",NA,"L","9",163.487468519285,1.15262478953251
"S6","书包","di","ct",NA,"HH_HH","HMML","RFLL",1,"3","S6_3_ct","HH","HH",NA,"yinping","yinping",NA,"L","10",148.220387374715,0.544752647660972
"S6","书包","di","ct",NA,"HH_HH","HMML","RFLL",2,"3","S6_3_ct","HH","HH",NA,"yinping","yinping",NA,"L","11",127.418634643813,-0.392900221804099
"S6","书包","di","ct",NA,"HH_HH","HMML","RFLL",2,"3","S6_3_ct","HH","HH",NA,"yinping","yinping",NA,"L","12",111.896521503582,-1.19836600661778
"S6","书包","di","ct",NA,"HH_HH","HMML","RFLL",2,"3","S6_3_ct","HH","HH",NA,"yinping","yinping",NA,"L","13",103.773053588709,-1.66568607447711
"S6","书包","di","ct",NA,"HH_HH","HMML","RFLL",2,"3","S6_3_ct","HH","HH",NA,"yinping","yinping",NA,"L","14",102.723630506718,-1.72870886110316
"S6","书包","di","ct",NA,"HH_HH","HMML","RFLL",2,"3","S6_3_ct","HH","HH",NA,"yinping","yinping",NA,"L","15",102.298891638541,-1.75439964689716
"S6","书包","di","ct",NA,"HH_HH","HMML","RFLL",2,"3","S6_3_ct","HH","HH",NA,"yinping","yinping",NA,"L","16",102.11955382526,-1.76527912927964
"S6","书包","di","ct",NA,"HH_HH","HMML","RFLL",2,"3","S6_3_ct","HH","HH",NA,"yinping","yinping",NA,"L","17",101.850739991348,-1.78162248668004
"S6","书包","di","ct",NA,"HH_HH","HMML","RFLL",2,"3","S6_3_ct","HH","HH",NA,"yinping","yinping",NA,"L","18",101.421728545574,-1.80779511247023
"S6","书包","di","ct",NA,"HH_HH","HMML","RFLL",2,"3","S6_3_ct","HH","HH",NA,"yinping","yinping",NA,"L","19",101.957681940649,-1.77511546366652
"S6","书包","di","ct",NA,"HH_HH","HMML","RFLL",2,"3","S6_3_ct","HH","HH",NA,"yinping","yinping",NA,"L","20",104.638084228779,-1.61421427006728
"S6","樱花","di","ct",NA,"HH_HH","HMML","RFLL",1,"9","S6_9_ct","HH","HH",NA,"yinping","yinping",NA,"L","1",148.057933128013,0.537952981808575
"S6","樱花","di","ct",NA,"HH_HH","HMML","RFLL",1,"9","S6_9_ct","HH","HH",NA,"yinping","yinping",NA,"L","2",152.939008646804,0.739069550284435
"S6","樱花","di","ct",NA,"HH_HH","HMML","RFLL",1,"9","S6_9_ct","HH","HH",NA,"yinping","yinping",NA,"L","3",156.540125879945,0.883374697230488
"S6","樱花","di","ct",NA,"HH_HH","HMML","RFLL",1,"9","S6_9_ct","HH","HH",NA,"yinping","yinping",NA,"L","4",163.730501507161,1.16183531681114
"S6","樱花","di","ct",NA,"HH_HH","HMML","RFLL",1,"9","S6_9_ct","HH","HH",NA,"yinping","yinping",NA,"L","5",172.918041266322,1.5003571489838
"S6","樱花","di","ct",NA,"HH_HH","HMML","RFLL",1,"9","S6_9_ct","HH","HH",NA,"yinping","yinping",NA,"L","6",179.35077829036,1.72683524572414
"S6","樱花","di","ct",NA,"HH_HH","HMML","RFLL",1,"9","S6_9_ct","HH","HH",NA,"yinping","yinping",NA,"L","7",181.777003443779,1.81015213914237
"S6","樱花","di","ct",NA,"HH_HH","HMML","RFLL",1,"9","S6_9_ct","HH","HH",NA,"yinping","yinping",NA,"L","8",180.312900998089,1.7600087424135
"S6","樱花","di","ct",NA,"HH_HH","HMML","RFLL",1,"9","S6_9_ct","HH","HH",NA,"yinping","yinping",NA,"L","9",175.420423794125,1.58944450489165
"S6","樱花","di","ct",NA,"HH_HH","HMML","RFLL",1,"9","S6_9_ct","HH","HH",NA,"yinping","yinping",NA,"L","10",166.008508100156,1.24750908917787
"S6","樱花","di","ct",NA,"HH_HH","HMML","RFLL",2,"9","S6_9_ct","HH","HH",NA,"yinping","yinping",NA,"L","11",137.530107386831,0.0805996517412195
"S6","樱花","di","ct",NA,"HH_HH","HMML","RFLL",2,"9","S6_9_ct","HH","HH",NA,"yinping","yinping",NA,"L","12",124.790238987817,-0.522141854163336
"S6","樱花","di","ct",NA,"HH_HH","HMML","RFLL",2,"9","S6_9_ct","HH","HH",NA,"yinping","yinping",NA,"L","13",118.526042132156,-0.841476867625578
"S6","樱花","di","ct",NA,"HH_HH","HMML","RFLL",2,"9","S6_9_ct","HH","HH",NA,"yinping","yinping",NA,"L","14",118.087840015955,-0.864443170034736
"S6","樱花","di","ct",NA,"HH_HH","HMML","RFLL",2,"9","S6_9_ct","HH","HH",NA,"yinping","yinping",NA,"L","15",117.971377373942,-0.870561347125427
"S6","樱花","di","ct",NA,"HH_HH","HMML","RFLL",2,"9","S6_9_ct","HH","HH",NA,"yinping","yinping",NA,"L","16",118.064624290791,-0.86566228905334
"S6","樱花","di","ct",NA,"HH_HH","HMML","RFLL",2,"9","S6_9_ct","HH","HH",NA,"yinping","yinping",NA,"L","17",118.536980086727,-0.840904692950076
"S6","樱花","di","ct",NA,"HH_HH","HMML","RFLL",2,"9","S6_9_ct","HH","HH",NA,"yinping","yinping",NA,"L","18",119.489161468013,-0.79129646907695
"S6","樱花","di","ct",NA,"HH_HH","HMML","RFLL",2,"9","S6_9_ct","HH","HH",NA,"yinping","yinping",NA,"L","19",120.80837754282,-0.723215252481839
"S6","樱花","di","ct",NA,"HH_HH","HMML","RFLL",2,"9","S6_9_ct","HH","HH",NA,"yinping","yinping",NA,"L","20",123.375001253675,-0.592863032750483
"S6","青菜","di","ct",NA,"HH_HL","HMML","HHML",1,"11","S6_11_ct","HH","HL",NA,"yinping","yinqu",NA,"L","1",211.086958,2.73706093386656
"S6","青菜","di","ct",NA,"HH_HL","HMML","HHML",1,"11","S6_11_ct","HH","HL",NA,"yinping","yinqu",NA,"L","2",199.239738,2.37891193862998
"S6","青菜","di","ct",NA,"HH_HL","HMML","HHML",1,"11","S6_11_ct","HH","HL",NA,"yinping","yinqu",NA,"L","3",205.520744,2.57136388179746
"S6","青菜","di","ct",NA,"HH_HL","HMML","HHML",1,"11","S6_11_ct","HH","HL",NA,"yinping","yinqu",NA,"L","4",208.977857,2.67479635514247
"S6","青菜","di","ct",NA,"HH_HL","HMML","HHML",1,"11","S6_11_ct","HH","HL",NA,"yinping","yinqu",NA,"L","5",224.307864,3.11373682550421
"S6","青菜","di","ct",NA,"HH_HL","HMML","HHML",1,"11","S6_11_ct","HH","HL",NA,"yinping","yinqu",NA,"L","6",221.9658,3.04865528559157
"S6","青菜","di","ct",NA,"HH_HL","HMML","HHML",1,"11","S6_11_ct","HH","HL",NA,"yinping","yinqu",NA,"L","7",231.12472,3.29936709276582
"S6","青菜","di","ct",NA,"HH_HL","HMML","HHML",1,"11","S6_11_ct","HH","HL",NA,"yinping","yinqu",NA,"L","8",228.735144,3.23492708512049
"S6","青菜","di","ct",NA,"HH_HL","HMML","HHML",1,"11","S6_11_ct","HH","HL",NA,"yinping","yinqu",NA,"L","9",221.219215,3.02776468449012
"S6","青菜","di","ct",NA,"HH_HL","HMML","HHML",1,"11","S6_11_ct","HH","HL",NA,"yinping","yinqu",NA,"L","10",214.681985,2.84177254249615
"S6","青菜","di","ct",NA,"HH_HL","HMML","HHML",2,"11","S6_11_ct","HH","HL",NA,"yinping","yinqu",NA,"L","11",140.499675,0.213056600574275
"S6","青菜","di","ct",NA,"HH_HL","HMML","HHML",2,"11","S6_11_ct","HH","HL",NA,"yinping","yinqu",NA,"L","12",130.392079,-0.249867815326555
"S6","青菜","di","ct",NA,"HH_HL","HMML","HHML",2,"11","S6_11_ct","HH","HL",NA,"yinping","yinqu",NA,"L","13",125.818474,-0.471260929891505
"S6","青菜","di","ct",NA,"HH_HL","HMML","HHML",2,"11","S6_11_ct","HH","HL",NA,"yinping","yinqu",NA,"L","14",108.351844,-1.39796478033297
"S6","青菜","di","ct",NA,"HH_HL","HMML","HHML",2,"11","S6_11_ct","HH","HL",NA,"yinping","yinqu",NA,"L","15",108.759942,-1.37465501447832
"S6","青菜","di","ct",NA,"HH_HL","HMML","HHML",2,"11","S6_11_ct","HH","HL",NA,"yinping","yinqu",NA,"L","16",105.491953,-1.56382225602405
"S6","青菜","di","ct",NA,"HH_HL","HMML","HHML",2,"11","S6_11_ct","HH","HL",NA,"yinping","yinqu",NA,"L","17",108.872663,-1.36823202449899
"S6","青菜","di","ct",NA,"HH_HL","HMML","HHML",2,"11","S6_11_ct","HH","HL",NA,"yinping","yinqu",NA,"L","18",114.317107,-1.06566489213523
"S6","青菜","di","ct",NA,"HH_HL","HMML","HHML",2,"11","S6_11_ct","HH","HL",NA,"yinping","yinqu",NA,"L","19",115.180457,-1.01901322210949
"S6","青菜","di","ct",NA,"HH_HL","HMML","HHML",2,"11","S6_11_ct","HH","HL",NA,"yinping","yinqu",NA,"L","20",119.951685,-0.767341673582102
"S6","樱桃","di","ct",NA,"HH_RF","HMML","HHML",1,"17","S6_17_ct","HH","LHL",NA,"yinping","yangping",NA,"L","1",153.695809997694,0.769676330559885
"S6","樱桃","di","ct",NA,"HH_RF","HMML","HHML",1,"17","S6_17_ct","HH","LHL",NA,"yinping","yangping",NA,"L","2",148.955853392267,0.57544327359805
"S6","樱桃","di","ct",NA,"HH_RF","HMML","HHML",1,"17","S6_17_ct","HH","LHL",NA,"yinping","yangping",NA,"L","3",151.819849778609,0.693529480928648
"S6","樱桃","di","ct",NA,"HH_RF","HMML","HHML",1,"17","S6_17_ct","HH","LHL",NA,"yinping","yangping",NA,"L","4",159.993993412685,1.0186936777658
"S6","樱桃","di","ct",NA,"HH_RF","HMML","HHML",1,"17","S6_17_ct","HH","LHL",NA,"yinping","yangping",NA,"L","5",167.350755052896,1.29744104519424
"S6","樱桃","di","ct",NA,"HH_RF","HMML","HHML",1,"17","S6_17_ct","HH","LHL",NA,"yinping","yangping",NA,"L","6",170.604934565837,1.41685401522422
"S6","樱桃","di","ct",NA,"HH_RF","HMML","HHML",1,"17","S6_17_ct","HH","LHL",NA,"yinping","yangping",NA,"L","7",170.52465096731,1.41393548775618
"S6","樱桃","di","ct",NA,"HH_RF","HMML","HHML",1,"17","S6_17_ct","HH","LHL",NA,"yinping","yangping",NA,"L","8",167.159211833177,1.29034013366687
"S6","樱桃","di","ct",NA,"HH_RF","HMML","HHML",1,"17","S6_17_ct","HH","LHL",NA,"yinping","yangping",NA,"L","9",161.318366356917,1.06980788869616
"S6","樱桃","di","ct",NA,"HH_RF","HMML","HHML",1,"17","S6_17_ct","HH","LHL",NA,"yinping","yangping",NA,"L","10",152.84041908264,0.735071216639852
"S6","樱桃","di","ct",NA,"HH_RF","HMML","HHML",2,"17","S6_17_ct","HH","LHL",NA,"yinping","yangping",NA,"L","11",131.323116807823,-0.205751773179901
"S6","樱桃","di","ct",NA,"HH_RF","HMML","HHML",2,"17","S6_17_ct","HH","LHL",NA,"yinping","yangping",NA,"L","12",118.877133290241,-0.823137260900175
"S6","樱桃","di","ct",NA,"HH_RF","HMML","HHML",2,"17","S6_17_ct","HH","LHL",NA,"yinping","yangping",NA,"L","13",108.711042584223,-1.37744343769592
"S6","樱桃","di","ct",NA,"HH_RF","HMML","HHML",2,"17","S6_17_ct","HH","LHL",NA,"yinping","yangping",NA,"L","14",102.015009740498,-1.77163008802141
"S6","樱桃","di","ct",NA,"HH_RF","HMML","HHML",2,"17","S6_17_ct","HH","LHL",NA,"yinping","yangping",NA,"L","15",96.9230576283878,-2.08911099848163
"S6","樱桃","di","ct",NA,"HH_RF","HMML","HHML",2,"17","S6_17_ct","HH","LHL",NA,"yinping","yangping",NA,"L","16",94.605330240677,-2.23918543912867
"S6","樱桃","di","ct",NA,"HH_RF","HMML","HHML",2,"17","S6_17_ct","HH","LHL",NA,"yinping","yangping",NA,"L","17",94.028610143906,-2.27709972976345
"S6","樱桃","di","ct",NA,"HH_RF","HMML","HHML",2,"17","S6_17_ct","HH","LHL",NA,"yinping","yangping",NA,"L","18",94.3260201493394,-2.25751868013557
"S6","樱桃","di","ct",NA,"HH_RF","HMML","HHML",2,"17","S6_17_ct","HH","LHL",NA,"yinping","yangping",NA,"L","19",97.2177997930717,-2.07028396078121
"S6","樱桃","di","ct",NA,"HH_RF","HMML","HHML",2,"17","S6_17_ct","HH","LHL",NA,"yinping","yangping",NA,"L","20",106.831217732946,-1.48559985642721
"S6","书房","di","ct",NA,"HH_RF","HMML","RFLL",1,"21","S6_21_ct","HH","LHL",NA,"yinping","yangping",NA,"L","1",197.148915340568,2.31350010179639
"S6","书房","di","ct",NA,"HH_RF","HMML","RFLL",1,"21","S6_21_ct","HH","LHL",NA,"yinping","yangping",NA,"L","2",209.138646095045,2.67956522681451
"S6","书房","di","ct",NA,"HH_RF","HMML","RFLL",1,"21","S6_21_ct","HH","LHL",NA,"yinping","yangping",NA,"L","3",218.100834754468,2.93973854135248
"S6","书房","di","ct",NA,"HH_RF","HMML","RFLL",1,"21","S6_21_ct","HH","LHL",NA,"yinping","yangping",NA,"L","4",223.311091684646,3.08612185723093
"S6","书房","di","ct",NA,"HH_RF","HMML","RFLL",1,"21","S6_21_ct","HH","LHL",NA,"yinping","yangping",NA,"L","5",224.813383058766,3.12769505868196
"S6","书房","di","ct",NA,"HH_RF","HMML","RFLL",1,"21","S6_21_ct","HH","LHL",NA,"yinping","yangping",NA,"L","6",223.474754239417,3.09066447580664
"S6","书房","di","ct",NA,"HH_RF","HMML","RFLL",1,"21","S6_21_ct","HH","LHL",NA,"yinping","yangping",NA,"L","7",218.185498857538,2.94214503124104
"S6","书房","di","ct",NA,"HH_RF","HMML","RFLL",1,"21","S6_21_ct","HH","LHL",NA,"yinping","yangping",NA,"L","8",208.804233583387,2.66964270613264
"S6","书房","di","ct",NA,"HH_RF","HMML","RFLL",1,"21","S6_21_ct","HH","LHL",NA,"yinping","yangping",NA,"L","9",192.745828137426,2.17344958911501
"S6","书房","di","ct",NA,"HH_RF","HMML","RFLL",1,"21","S6_21_ct","HH","LHL",NA,"yinping","yangping",NA,"L","10",171.029803309981,1.43227632123336
"S6","书房","di","ct",NA,"HH_RF","HMML","RFLL",2,"21","S6_21_ct","HH","LHL",NA,"yinping","yangping",NA,"L","11",130.257055592797,-0.256291868802941
"S6","书房","di","ct",NA,"HH_RF","HMML","RFLL",2,"21","S6_21_ct","HH","LHL",NA,"yinping","yangping",NA,"L","12",109.28711380483,-1.3446731161664
"S6","书房","di","ct",NA,"HH_RF","HMML","RFLL",2,"21","S6_21_ct","HH","LHL",NA,"yinping","yangping",NA,"L","13",99.0907810666707,-1.95196246166437
"S6","书房","di","ct",NA,"HH_RF","HMML","RFLL",2,"21","S6_21_ct","HH","LHL",NA,"yinping","yangping",NA,"L","14",97.9723951995232,-2.02234212543985
"S6","书房","di","ct",NA,"HH_RF","HMML","RFLL",2,"21","S6_21_ct","HH","LHL",NA,"yinping","yangping",NA,"L","15",98.0378619403616,-2.01820023819691
"S6","书房","di","ct",NA,"HH_RF","HMML","RFLL",2,"21","S6_21_ct","HH","LHL",NA,"yinping","yangping",NA,"L","16",98.133853935687,-2.01213210652137
"S6","书房","di","ct",NA,"HH_RF","HMML","RFLL",2,"21","S6_21_ct","HH","LHL",NA,"yinping","yangping",NA,"L","17",98.2318141017684,-2.00594567339705
"S6","书房","di","ct",NA,"HH_RF","HMML","RFLL",2,"21","S6_21_ct","HH","LHL",NA,"yinping","yangping",NA,"L","18",98.3306336549038,-1.99971121539477
"S6","书房","di","ct",NA,"HH_RF","HMML","RFLL",2,"21","S6_21_ct","HH","LHL",NA,"yinping","yangping",NA,"L","19",98.9394206181562,-1.96144091320177
"S6","书房","di","ct",NA,"HH_RF","HMML","RFLL",2,"21","S6_21_ct","HH","LHL",NA,"yinping","yangping",NA,"L","20",102.030793946299,-1.77067079474377
"S6","青豆","di","ct",NA,"HH_LH","HMML","RFLL",1,"25","S6_25_ct","HH","LH",NA,"yinping","yangqu",NA,"L","1",177.579949720495,1.66531012440167
"S6","青豆","di","ct",NA,"HH_LH","HMML","RFLL",1,"25","S6_25_ct","HH","LH",NA,"yinping","yangqu",NA,"L","2",200.374619389486,2.41413011724594
"S6","青豆","di","ct",NA,"HH_LH","HMML","RFLL",1,"25","S6_25_ct","HH","LH",NA,"yinping","yangqu",NA,"L","3",216.563216216502,2.89587001680106
"S6","青豆","di","ct",NA,"HH_LH","HMML","RFLL",1,"25","S6_25_ct","HH","LH",NA,"yinping","yangqu",NA,"L","4",225.845461809172,3.15609529995799
"S6","青豆","di","ct",NA,"HH_LH","HMML","RFLL",1,"25","S6_25_ct","HH","LH",NA,"yinping","yangqu",NA,"L","5",231.690761344949,3.31453399286108
"S6","青豆","di","ct",NA,"HH_LH","HMML","RFLL",1,"25","S6_25_ct","HH","LH",NA,"yinping","yangqu",NA,"L","6",232.229500187197,3.32893495393382
"S6","青豆","di","ct",NA,"HH_LH","HMML","RFLL",1,"25","S6_25_ct","HH","LH",NA,"yinping","yangqu",NA,"L","7",225.602208068097,3.14941326893626
"S6","青豆","di","ct",NA,"HH_LH","HMML","RFLL",1,"25","S6_25_ct","HH","LH",NA,"yinping","yangqu",NA,"L","8",214.328949758969,2.8315677041486
"S6","青豆","di","ct",NA,"HH_LH","HMML","RFLL",1,"25","S6_25_ct","HH","LH",NA,"yinping","yangqu",NA,"L","9",196.6516398219,2.29784062242702
"S6","青豆","di","ct",NA,"HH_LH","HMML","RFLL",1,"25","S6_25_ct","HH","LH",NA,"yinping","yangqu",NA,"L","10",167.927528544987,1.31877427587378
"S6","青豆","di","ct",NA,"HH_LH","HMML","RFLL",2,"25","S6_25_ct","HH","LH",NA,"yinping","yangqu",NA,"L","11",130.790787619416,-0.230937074454508
"S6","青豆","di","ct",NA,"HH_LH","HMML","RFLL",2,"25","S6_25_ct","HH","LH",NA,"yinping","yangqu",NA,"L","12",111.492345930903,-1.22080303529873
"S6","青豆","di","ct",NA,"HH_LH","HMML","RFLL",2,"25","S6_25_ct","HH","LH",NA,"yinping","yangqu",NA,"L","13",99.9985549780773,-1.89541813432646
"S6","青豆","di","ct",NA,"HH_LH","HMML","RFLL",2,"25","S6_25_ct","HH","LH",NA,"yinping","yangqu",NA,"L","14",95.3192322579867,-2.19257149480846
"S6","青豆","di","ct",NA,"HH_LH","HMML","RFLL",2,"25","S6_25_ct","HH","LH",NA,"yinping","yangqu",NA,"L","15",94.7339926793449,-2.23075854846701
"S6","青豆","di","ct",NA,"HH_LH","HMML","RFLL",2,"25","S6_25_ct","HH","LH",NA,"yinping","yangqu",NA,"L","16",94.6927849220269,-2.23345625030489
"S6","青豆","di","ct",NA,"HH_LH","HMML","RFLL",2,"25","S6_25_ct","HH","LH",NA,"yinping","yangqu",NA,"L","17",94.8225738248693,-2.22496347663701
"S6","青豆","di","ct",NA,"HH_LH","HMML","RFLL",2,"25","S6_25_ct","HH","LH",NA,"yinping","yangqu",NA,"L","18",95.0457776597417,-2.21038521952468
"S6","青豆","di","ct",NA,"HH_LH","HMML","RFLL",2,"25","S6_25_ct","HH","LH",NA,"yinping","yangqu",NA,"L","19",97.9254816571062,-2.02531190928078
"S6","青豆","di","ct",NA,"HH_LH","HMML","RFLL",2,"25","S6_25_ct","HH","LH",NA,"yinping","yangqu",NA,"L","20",104.416424410052,-1.62736300381447
"S6","新店","di","ct",NA,"HL_HL","HMML","HHML",1,"38","S6_38_ct","HL","HL",NA,"yinping","yinqu",NA,"M","1",168.731134179909,1.34837554540658
"S6","新店","di","ct",NA,"HL_HL","HMML","HHML",1,"38","S6_38_ct","HL","HL",NA,"yinping","yinqu",NA,"M","2",178.056789409895,1.68193744881475
"S6","新店","di","ct",NA,"HL_HL","HMML","HHML",1,"38","S6_38_ct","HL","HL",NA,"yinping","yinqu",NA,"M","3",182.50203977245,1.83483426072415
"S6","新店","di","ct",NA,"HL_HL","HMML","HHML",1,"38","S6_38_ct","HL","HL",NA,"yinping","yinqu",NA,"M","4",182.91902620209,1.84898518682732
"S6","新店","di","ct",NA,"HL_HL","HMML","HHML",1,"38","S6_38_ct","HL","HL",NA,"yinping","yinqu",NA,"M","5",184.59168947206,1.90542659567342
"S6","新店","di","ct",NA,"HL_HL","HMML","HHML",1,"38","S6_38_ct","HL","HL",NA,"yinping","yinqu",NA,"M","6",187.042652255307,1.98721345050574
"S6","新店","di","ct",NA,"HL_HL","HMML","HHML",1,"38","S6_38_ct","HL","HL",NA,"yinping","yinqu",NA,"M","7",187.925306600301,2.01640476420596
"S6","新店","di","ct",NA,"HL_HL","HMML","HHML",1,"38","S6_38_ct","HL","HL",NA,"yinping","yinqu",NA,"M","8",186.789637055507,1.97882027699725
"S6","新店","di","ct",NA,"HL_HL","HMML","HHML",1,"38","S6_38_ct","HL","HL",NA,"yinping","yinqu",NA,"M","9",181.213277574074,1.79089332018735
"S6","新店","di","ct",NA,"HL_HL","HMML","HHML",1,"38","S6_38_ct","HL","HL",NA,"yinping","yinqu",NA,"M","10",170.135901824859,1.39978393421341
"S6","新店","di","ct",NA,"HL_HL","HMML","HHML",2,"38","S6_38_ct","HL","HL",NA,"yinping","yinqu",NA,"M","11",145.593468196752,0.433875423555389
"S6","新店","di","ct",NA,"HL_HL","HMML","HHML",2,"38","S6_38_ct","HL","HL",NA,"yinping","yinqu",NA,"M","12",129.344566293669,-0.299881028857642
"S6","新店","di","ct",NA,"HL_HL","HMML","HHML",2,"38","S6_38_ct","HL","HL",NA,"yinping","yinqu",NA,"M","13",119.829898134582,-0.773640229652839
"S6","新店","di","ct",NA,"HL_HL","HMML","HHML",2,"38","S6_38_ct","HL","HL",NA,"yinping","yinqu",NA,"M","14",115.901377900583,-0.98032493061927
"S6","新店","di","ct",NA,"HL_HL","HMML","HHML",2,"38","S6_38_ct","HL","HL",NA,"yinping","yinqu",NA,"M","15",112.674972584058,-1.15537924094411
"S6","新店","di","ct",NA,"HL_HL","HMML","HHML",2,"38","S6_38_ct","HL","HL",NA,"yinping","yinqu",NA,"M","16",110.449844148149,-1.27905310726673
"S6","新店","di","ct",NA,"HL_HL","HMML","HHML",2,"38","S6_38_ct","HL","HL",NA,"yinping","yinqu",NA,"M","17",109.112061216367,-1.35461283202389
"S6","新店","di","ct",NA,"HL_HL","HMML","HHML",2,"38","S6_38_ct","HL","HL",NA,"yinping","yinqu",NA,"M","18",108.341621444069,-1.39854979939048
"S6","新店","di","ct",NA,"HL_HL","HMML","HHML",2,"38","S6_38_ct","HL","HL",NA,"yinping","yinqu",NA,"M","19",108.448189134034,-1.39245382612012
"S6","新店","di","ct",NA,"HL_HL","HMML","HHML",2,"38","S6_38_ct","HL","HL",NA,"yinping","yinqu",NA,"M","20",110.484340727091,-1.27711682153334
"S6","新车","di","ct",NA,"HL_HH","HMML","HHML",1,"45","S6_45_ct","HL","HH",NA,"yinping","yinping",NA,"M","1",168.61056490886,1.34394330857021
"S6","新车","di","ct",NA,"HL_HH","HMML","HHML",1,"45","S6_45_ct","HL","HH",NA,"yinping","yinping",NA,"M","2",180.514971561134,1.76695353616383
"S6","新车","di","ct",NA,"HL_HH","HMML","HHML",1,"45","S6_45_ct","HL","HH",NA,"yinping","yinping",NA,"M","3",188.498032466122,2.03527281005604
"S6","新车","di","ct",NA,"HL_HH","HMML","HHML",1,"45","S6_45_ct","HL","HH",NA,"yinping","yinping",NA,"M","4",193.919379296582,2.21108742098263
"S6","新车","di","ct",NA,"HL_HH","HMML","HHML",1,"45","S6_45_ct","HL","HH",NA,"yinping","yinping",NA,"M","5",196.710928446602,2.29970973165615
"S6","新车","di","ct",NA,"HL_HH","HMML","HHML",1,"45","S6_45_ct","HL","HH",NA,"yinping","yinping",NA,"M","6",194.25233367976,2.22172437525138
"S6","新车","di","ct",NA,"HL_HH","HMML","HHML",1,"45","S6_45_ct","HL","HH",NA,"yinping","yinping",NA,"M","7",187.889535865054,2.01522441564957
"S6","新车","di","ct",NA,"HL_HH","HMML","HHML",1,"45","S6_45_ct","HL","HH",NA,"yinping","yinping",NA,"M","8",180.712959932716,1.77375049650779
"S6","新车","di","ct",NA,"HL_HH","HMML","HHML",1,"45","S6_45_ct","HL","HH",NA,"yinping","yinping",NA,"M","9",174.939876878775,1.57243555471659
"S6","新车","di","ct",NA,"HL_HH","HMML","HHML",1,"45","S6_45_ct","HL","HH",NA,"yinping","yinping",NA,"M","10",165.60088986549,1.2322656372496
"S6","新车","di","ct",NA,"HL_HH","HMML","HHML",2,"45","S6_45_ct","HL","HH",NA,"yinping","yinping",NA,"M","11",136.179669890909,0.0194147828364328
"S6","新车","di","ct",NA,"HL_HH","HMML","HHML",2,"45","S6_45_ct","HL","HH",NA,"yinping","yinping",NA,"M","12",128.33644717141,-0.348397363354522
"S6","新车","di","ct",NA,"HL_HH","HMML","HHML",2,"45","S6_45_ct","HL","HH",NA,"yinping","yinping",NA,"M","13",122.576028108977,-0.633147850038589
"S6","新车","di","ct",NA,"HL_HH","HMML","HHML",2,"45","S6_45_ct","HL","HH",NA,"yinping","yinping",NA,"M","14",118.839633289412,-0.825093526417247
"S6","新车","di","ct",NA,"HL_HH","HMML","HHML",2,"45","S6_45_ct","HL","HH",NA,"yinping","yinping",NA,"M","15",117.061118438637,-0.918589462244147
"S6","新车","di","ct",NA,"HL_HH","HMML","HHML",2,"45","S6_45_ct","HL","HH",NA,"yinping","yinping",NA,"M","16",117.133563229599,-0.914753392609292
"S6","新车","di","ct",NA,"HL_HH","HMML","HHML",2,"45","S6_45_ct","HL","HH",NA,"yinping","yinping",NA,"M","17",117.409540165145,-0.900161667004779
"S6","新车","di","ct",NA,"HL_HH","HMML","HHML",2,"45","S6_45_ct","HL","HH",NA,"yinping","yinping",NA,"M","18",117.875645517734,-0.875594990442919
"S6","新车","di","ct",NA,"HL_HH","HMML","HHML",2,"45","S6_45_ct","HL","HH",NA,"yinping","yinping",NA,"M","19",118.495680963711,-0.843065365601583
"S6","新车","di","ct",NA,"HL_HH","HMML","HHML",2,"45","S6_45_ct","HL","HH",NA,"yinping","yinping",NA,"M","20",119.247693126183,-0.803839347519906
"S6","新房","di","ct",NA,"HL_RF","HMML","RFLL",1,"47","S6_47_ct","HL","LHL",NA,"yinping","yangping",NA,"M","1",174.565263730698,1.55914368892069
"S6","新房","di","ct",NA,"HL_RF","HMML","RFLL",1,"47","S6_47_ct","HL","LHL",NA,"yinping","yangping",NA,"M","2",182.420099059781,1.8320497053057
"S6","新房","di","ct",NA,"HL_RF","HMML","RFLL",1,"47","S6_47_ct","HL","LHL",NA,"yinping","yangping",NA,"M","3",187.074103185021,1.98825596634723
"S6","新房","di","ct",NA,"HL_RF","HMML","RFLL",1,"47","S6_47_ct","HL","LHL",NA,"yinping","yangping",NA,"M","4",188.587859539572,2.03822689723446
"S6","新房","di","ct",NA,"HL_RF","HMML","RFLL",1,"47","S6_47_ct","HL","LHL",NA,"yinping","yangping",NA,"M","5",189.204422063053,2.05846551094816
"S6","新房","di","ct",NA,"HL_RF","HMML","RFLL",1,"47","S6_47_ct","HL","LHL",NA,"yinping","yangping",NA,"M","6",187.372161727982,1.99812713327352
"S6","新房","di","ct",NA,"HL_RF","HMML","RFLL",1,"47","S6_47_ct","HL","LHL",NA,"yinping","yangping",NA,"M","7",182.487398380222,1.83433680044275
"S6","新房","di","ct",NA,"HL_RF","HMML","RFLL",1,"47","S6_47_ct","HL","LHL",NA,"yinping","yangping",NA,"M","8",172.856405453022,1.49814661816743
"S6","新房","di","ct",NA,"HL_RF","HMML","RFLL",1,"47","S6_47_ct","HL","LHL",NA,"yinping","yangping",NA,"M","9",158.539166220324,0.962054607815665
"S6","新房","di","ct",NA,"HL_RF","HMML","RFLL",1,"47","S6_47_ct","HL","LHL",NA,"yinping","yangping",NA,"M","10",141.97538184761,0.277842467103249
"S6","新房","di","ct",NA,"HL_RF","HMML","RFLL",2,"47","S6_47_ct","HL","LHL",NA,"yinping","yangping",NA,"M","11",125.199421936351,-0.50184390310544
"S6","新房","di","ct",NA,"HL_RF","HMML","RFLL",2,"47","S6_47_ct","HL","LHL",NA,"yinping","yangping",NA,"M","12",116.011217445601,-0.974451514716704
"S6","新房","di","ct",NA,"HL_RF","HMML","RFLL",2,"47","S6_47_ct","HL","LHL",NA,"yinping","yangping",NA,"M","13",109.504609294176,-1.33234559258033
"S6","新房","di","ct",NA,"HL_RF","HMML","RFLL",2,"47","S6_47_ct","HL","LHL",NA,"yinping","yangping",NA,"M","14",105.266118618514,-1.5771103393755
"S6","新房","di","ct",NA,"HL_RF","HMML","RFLL",2,"47","S6_47_ct","HL","LHL",NA,"yinping","yangping",NA,"M","15",102.575330160545,-1.73766687687474
"S6","新房","di","ct",NA,"HL_RF","HMML","RFLL",2,"47","S6_47_ct","HL","LHL",NA,"yinping","yangping",NA,"M","16",100.728322831191,-1.85033257668822
"S6","新房","di","ct",NA,"HL_RF","HMML","RFLL",2,"47","S6_47_ct","HL","LHL",NA,"yinping","yangping",NA,"M","17",99.4302400331499,-1.93075749760437
"S6","新房","di","ct",NA,"HL_RF","HMML","RFLL",2,"47","S6_47_ct","HL","LHL",NA,"yinping","yangping",NA,"M","18",98.7196419388569,-1.97522967725164
"S6","新房","di","ct",NA,"HL_RF","HMML","RFLL",2,"47","S6_47_ct","HL","LHL",NA,"yinping","yangping",NA,"M","19",99.5380213901131,-1.92403986547164
"S6","新房","di","ct",NA,"HL_RF","HMML","RFLL",2,"47","S6_47_ct","HL","LHL",NA,"yinping","yangping",NA,"M","20",102.931259260716,-1.71618884353071
"S6","新路","di","ct",NA,"HL_LH","HMML","RFLL",1,"51","S6_51_ct","HL","LH",NA,"yinping","yangqu",NA,"M","1",157.718629333088,0.929879932146094
"S6","新路","di","ct",NA,"HL_LH","HMML","RFLL",1,"51","S6_51_ct","HL","LH",NA,"yinping","yangqu",NA,"M","2",171.853623773514,1.46207131163929
"S6","新路","di","ct",NA,"HL_LH","HMML","RFLL",1,"51","S6_51_ct","HL","LH",NA,"yinping","yangqu",NA,"M","3",180.628053446075,1.77083656088012
"S6","新路","di","ct",NA,"HL_LH","HMML","RFLL",1,"51","S6_51_ct","HL","LH",NA,"yinping","yangqu",NA,"M","4",187.162438243993,1.99118310472403
"S6","新路","di","ct",NA,"HL_LH","HMML","RFLL",1,"51","S6_51_ct","HL","LH",NA,"yinping","yangqu",NA,"M","5",189.099158221918,2.05501490706694
"S6","新路","di","ct",NA,"HL_LH","HMML","RFLL",1,"51","S6_51_ct","HL","LH",NA,"yinping","yangqu",NA,"M","6",184.747855072956,1.91067003112847
"S6","新路","di","ct",NA,"HL_LH","HMML","RFLL",1,"51","S6_51_ct","HL","LH",NA,"yinping","yangqu",NA,"M","7",175.197003098169,1.58154233624617
"S6","新路","di","ct",NA,"HL_LH","HMML","RFLL",1,"51","S6_51_ct","HL","LH",NA,"yinping","yangqu",NA,"M","8",159.111516822446,0.984399031293662
"S6","新路","di","ct",NA,"HL_LH","HMML","RFLL",1,"51","S6_51_ct","HL","LH",NA,"yinping","yangqu",NA,"M","9",138.205912541732,0.110993465669047
"S6","新路","di","ct",NA,"HL_LH","HMML","RFLL",1,"51","S6_51_ct","HL","LH",NA,"yinping","yangqu",NA,"M","10",119.86792721976,-0.771672759643263
"S6","新路","di","ct",NA,"HL_LH","HMML","RFLL",2,"51","S6_51_ct","HL","LH",NA,"yinping","yangqu",NA,"M","11",106.757234089676,-1.48989536209815
"S6","新路","di","ct",NA,"HL_LH","HMML","RFLL",2,"51","S6_51_ct","HL","LH",NA,"yinping","yangqu",NA,"M","12",103.820238326938,-1.66286740225951
"S6","新路","di","ct",NA,"HL_LH","HMML","RFLL",2,"51","S6_51_ct","HL","LH",NA,"yinping","yangqu",NA,"M","13",101.839827775376,-1.78228683886501
"S6","新路","di","ct",NA,"HL_LH","HMML","RFLL",2,"51","S6_51_ct","HL","LH",NA,"yinping","yangqu",NA,"M","14",100.712363845186,-1.85131503568663
"S6","新路","di","ct",NA,"HL_LH","HMML","RFLL",2,"51","S6_51_ct","HL","LH",NA,"yinping","yangqu",NA,"M","15",100.157757195005,-1.8855545163108
"S6","新路","di","ct",NA,"HL_LH","HMML","RFLL",2,"51","S6_51_ct","HL","LH",NA,"yinping","yangqu",NA,"M","16",99.9306420999876,-1.89963056012494
"S6","新路","di","ct",NA,"HL_LH","HMML","RFLL",2,"51","S6_51_ct","HL","LH",NA,"yinping","yangqu",NA,"M","17",100.035486708336,-1.89312857404209
"S6","新路","di","ct",NA,"HL_LH","HMML","RFLL",2,"51","S6_51_ct","HL","LH",NA,"yinping","yangqu",NA,"M","18",100.557490603863,-1.86085735783159
"S6","新路","di","ct",NA,"HL_LH","HMML","RFLL",2,"51","S6_51_ct","HL","LH",NA,"yinping","yangqu",NA,"M","19",101.442639871375,-1.80651681440993
"S6","新路","di","ct",NA,"HL_LH","HMML","RFLL",2,"51","S6_51_ct","HL","LH",NA,"yinping","yangqu",NA,"M","20",102.554697320983,-1.73891422045901
"S7","青椒","di","ct",NA,"HH_HH","HMML","RFLL",1,"1","S7_1_ct","HH","HH",NA,"yinping","yinping",NA,"L","1",242.978183,0.587739985009215
"S7","青椒","di","ct",NA,"HH_HH","HMML","RFLL",1,"1","S7_1_ct","HH","HH",NA,"yinping","yinping",NA,"L","2",255.392055,0.854013225231942
"S7","青椒","di","ct",NA,"HH_HH","HMML","RFLL",1,"1","S7_1_ct","HH","HH",NA,"yinping","yinping",NA,"L","3",263.27872,1.01653726351852
"S7","青椒","di","ct",NA,"HH_HH","HMML","RFLL",1,"1","S7_1_ct","HH","HH",NA,"yinping","yinping",NA,"L","4",264.802718,1.04738101642037
"S7","青椒","di","ct",NA,"HH_HH","HMML","RFLL",1,"1","S7_1_ct","HH","HH",NA,"yinping","yinping",NA,"L","5",263.677864,1.02463264591416
"S7","青椒","di","ct",NA,"HH_HH","HMML","RFLL",1,"1","S7_1_ct","HH","HH",NA,"yinping","yinping",NA,"L","6",261.841071,0.987277010315927
"S7","青椒","di","ct",NA,"HH_HH","HMML","RFLL",1,"1","S7_1_ct","HH","HH",NA,"yinping","yinping",NA,"L","7",259.121942,0.931493045315623
"S7","青椒","di","ct",NA,"HH_HH","HMML","RFLL",1,"1","S7_1_ct","HH","HH",NA,"yinping","yinping",NA,"L","8",253.048777,0.804756108797487
"S7","青椒","di","ct",NA,"HH_HH","HMML","RFLL",1,"1","S7_1_ct","HH","HH",NA,"yinping","yinping",NA,"L","9",240.399929,0.530733357048644
"S7","青椒","di","ct",NA,"HH_HH","HMML","RFLL",1,"1","S7_1_ct","HH","HH",NA,"yinping","yinping",NA,"L","10",221.468147,0.0924051006315396
"S7","青椒","di","ct",NA,"HH_HH","HMML","RFLL",2,"1","S7_1_ct","HH","HH",NA,"yinping","yinping",NA,"L","11",196.892779,-0.536133141772985
"S7","青椒","di","ct",NA,"HH_HH","HMML","RFLL",2,"1","S7_1_ct","HH","HH",NA,"yinping","yinping",NA,"L","12",179.708555,-1.02414712854207
"S7","青椒","di","ct",NA,"HH_HH","HMML","RFLL",2,"1","S7_1_ct","HH","HH",NA,"yinping","yinping",NA,"L","13",173.464955,-1.21310923207512
"S7","青椒","di","ct",NA,"HH_HH","HMML","RFLL",2,"1","S7_1_ct","HH","HH",NA,"yinping","yinping",NA,"L","14",170.435348,-1.30726512085682
"S7","青椒","di","ct",NA,"HH_HH","HMML","RFLL",2,"1","S7_1_ct","HH","HH",NA,"yinping","yinping",NA,"L","15",167.28712,-1.40689768741226
"S7","青椒","di","ct",NA,"HH_HH","HMML","RFLL",2,"1","S7_1_ct","HH","HH",NA,"yinping","yinping",NA,"L","16",164.541072,-1.49534553583297
"S7","青椒","di","ct",NA,"HH_HH","HMML","RFLL",2,"1","S7_1_ct","HH","HH",NA,"yinping","yinping",NA,"L","17",162.530897,-1.56103239933786
"S7","青椒","di","ct",NA,"HH_HH","HMML","RFLL",2,"1","S7_1_ct","HH","HH",NA,"yinping","yinping",NA,"L","18",160.639021,-1.62359995892698
"S7","青椒","di","ct",NA,"HH_HH","HMML","RFLL",2,"1","S7_1_ct","HH","HH",NA,"yinping","yinping",NA,"L","19",158.242335,-1.70392902236177
"S7","青椒","di","ct",NA,"HH_HH","HMML","RFLL",2,"1","S7_1_ct","HH","HH",NA,"yinping","yinping",NA,"L","20",162.448157,-1.56375348786131
"S7","书包","di","ct",NA,"HH_HH","HMML","RFLL",1,"3","S7_3_ct","HH","HH",NA,"yinping","yinping",NA,"L","1",298.912378,1.69486810186986
"S7","书包","di","ct",NA,"HH_HH","HMML","RFLL",1,"3","S7_3_ct","HH","HH",NA,"yinping","yinping",NA,"L","2",309.996499,1.88943969881745
"S7","书包","di","ct",NA,"HH_HH","HMML","RFLL",1,"3","S7_3_ct","HH","HH",NA,"yinping","yinping",NA,"L","3",307.424761,1.84492226017349
"S7","书包","di","ct",NA,"HH_HH","HMML","RFLL",1,"3","S7_3_ct","HH","HH",NA,"yinping","yinping",NA,"L","4",310.177103,1.89255210748128
"S7","书包","di","ct",NA,"HH_HH","HMML","RFLL",1,"3","S7_3_ct","HH","HH",NA,"yinping","yinping",NA,"L","5",307.986868,1.85468419560365
"S7","书包","di","ct",NA,"HH_HH","HMML","RFLL",1,"3","S7_3_ct","HH","HH",NA,"yinping","yinping",NA,"L","6",303.69408,1.7796767919935
"S7","书包","di","ct",NA,"HH_HH","HMML","RFLL",1,"3","S7_3_ct","HH","HH",NA,"yinping","yinping",NA,"L","7",297.678865,1.67277025344803
"S7","书包","di","ct",NA,"HH_HH","HMML","RFLL",1,"3","S7_3_ct","HH","HH",NA,"yinping","yinping",NA,"L","8",285.733057,1.45390165840731
"S7","书包","di","ct",NA,"HH_HH","HMML","RFLL",1,"3","S7_3_ct","HH","HH",NA,"yinping","yinping",NA,"L","9",265.982144,1.07112947348094
"S7","书包","di","ct",NA,"HH_HH","HMML","RFLL",1,"3","S7_3_ct","HH","HH",NA,"yinping","yinping",NA,"L","10",236.025795,0.432605661764186
"S7","书包","di","ct",NA,"HH_HH","HMML","RFLL",2,"3","S7_3_ct","HH","HH",NA,"yinping","yinping",NA,"L","11",210.056786,-0.190288078714088
"S7","书包","di","ct",NA,"HH_HH","HMML","RFLL",2,"3","S7_3_ct","HH","HH",NA,"yinping","yinping",NA,"L","12",205.80202,-0.29964025916521
"S7","书包","di","ct",NA,"HH_HH","HMML","RFLL",2,"3","S7_3_ct","HH","HH",NA,"yinping","yinping",NA,"L","13",202.927036,-0.374818056554155
"S7","书包","di","ct",NA,"HH_HH","HMML","RFLL",2,"3","S7_3_ct","HH","HH",NA,"yinping","yinping",NA,"L","14",205.493794,-0.307649614783689
"S7","书包","di","ct",NA,"HH_HH","HMML","RFLL",2,"3","S7_3_ct","HH","HH",NA,"yinping","yinping",NA,"L","15",209.146787,-0.213488674438155
"S7","书包","di","ct",NA,"HH_HH","HMML","RFLL",2,"3","S7_3_ct","HH","HH",NA,"yinping","yinping",NA,"L","16",211.415555,-0.15583241897697
"S7","书包","di","ct",NA,"HH_HH","HMML","RFLL",2,"3","S7_3_ct","HH","HH",NA,"yinping","yinping",NA,"L","17",212.204156,-0.135936491905676
"S7","书包","di","ct",NA,"HH_HH","HMML","RFLL",2,"3","S7_3_ct","HH","HH",NA,"yinping","yinping",NA,"L","18",212.666227,-0.124313044883788
"S7","书包","di","ct",NA,"HH_HH","HMML","RFLL",2,"3","S7_3_ct","HH","HH",NA,"yinping","yinping",NA,"L","19",214.193878,-0.086063792510202
"S7","书包","di","ct",NA,"HH_HH","HMML","RFLL",2,"3","S7_3_ct","HH","HH",NA,"yinping","yinping",NA,"L","20",210.821225,-0.170876109597513
"S7","樱花","di","ct",NA,"HH_HH","HMML","RFLL",1,"9","S7_9_ct","HH","HH",NA,"yinping","yinping",NA,"L","1",185.444661,-0.856243423383525
"S7","樱花","di","ct",NA,"HH_HH","HMML","RFLL",1,"9","S7_9_ct","HH","HH",NA,"yinping","yinping",NA,"L","2",225.811807,0.196199174208621
"S7","樱花","di","ct",NA,"HH_HH","HMML","RFLL",1,"9","S7_9_ct","HH","HH",NA,"yinping","yinping",NA,"L","3",241.421961,0.553403858851355
"S7","樱花","di","ct",NA,"HH_HH","HMML","RFLL",1,"9","S7_9_ct","HH","HH",NA,"yinping","yinping",NA,"L","4",259.846312,0.946410765618527
"S7","樱花","di","ct",NA,"HH_HH","HMML","RFLL",1,"9","S7_9_ct","HH","HH",NA,"yinping","yinping",NA,"L","5",270.906427,1.1691582400834
"S7","樱花","di","ct",NA,"HH_HH","HMML","RFLL",1,"9","S7_9_ct","HH","HH",NA,"yinping","yinping",NA,"L","6",275.376124,1.2566068602157
"S7","樱花","di","ct",NA,"HH_HH","HMML","RFLL",1,"9","S7_9_ct","HH","HH",NA,"yinping","yinping",NA,"L","7",275.349395,1.25608814376052
"S7","樱花","di","ct",NA,"HH_HH","HMML","RFLL",1,"9","S7_9_ct","HH","HH",NA,"yinping","yinping",NA,"L","8",270.495161,1.16103955155207
"S7","樱花","di","ct",NA,"HH_HH","HMML","RFLL",1,"9","S7_9_ct","HH","HH",NA,"yinping","yinping",NA,"L","9",259.494051,0.939161482390114
"S7","樱花","di","ct",NA,"HH_HH","HMML","RFLL",1,"9","S7_9_ct","HH","HH",NA,"yinping","yinping",NA,"L","10",232.806021,0.359205392076361
"S7","樱花","di","ct",NA,"HH_HH","HMML","RFLL",2,"9","S7_9_ct","HH","HH",NA,"yinping","yinping",NA,"L","11",197.31359,-0.524724179950717
"S7","樱花","di","ct",NA,"HH_HH","HMML","RFLL",2,"9","S7_9_ct","HH","HH",NA,"yinping","yinping",NA,"L","12",200.458958,-0.440210264289814
"S7","樱花","di","ct",NA,"HH_HH","HMML","RFLL",2,"9","S7_9_ct","HH","HH",NA,"yinping","yinping",NA,"L","13",202.708552,-0.380574657765338
"S7","樱花","di","ct",NA,"HH_HH","HMML","RFLL",2,"9","S7_9_ct","HH","HH",NA,"yinping","yinping",NA,"L","14",204.974344,-0.321174919117957
"S7","樱花","di","ct",NA,"HH_HH","HMML","RFLL",2,"9","S7_9_ct","HH","HH",NA,"yinping","yinping",NA,"L","15",205.339943,-0.311651980396863
"S7","樱花","di","ct",NA,"HH_HH","HMML","RFLL",2,"9","S7_9_ct","HH","HH",NA,"yinping","yinping",NA,"L","16",203.303256,-0.364919947985884
"S7","樱花","di","ct",NA,"HH_HH","HMML","RFLL",2,"9","S7_9_ct","HH","HH",NA,"yinping","yinping",NA,"L","17",201.482284,-0.412999866451372
"S7","樱花","di","ct",NA,"HH_HH","HMML","RFLL",2,"9","S7_9_ct","HH","HH",NA,"yinping","yinping",NA,"L","18",202.071965,-0.397382851205466
"S7","樱花","di","ct",NA,"HH_HH","HMML","RFLL",2,"9","S7_9_ct","HH","HH",NA,"yinping","yinping",NA,"L","19",205.612603,-0.304560901237649
"S7","樱花","di","ct",NA,"HH_HH","HMML","RFLL",2,"9","S7_9_ct","HH","HH",NA,"yinping","yinping",NA,"L","20",203.042069,-0.371789665264832
"S7","青菜","di","ct",NA,"HH_HL","HMML","RFLL",1,"11","S7_11_ct","HH","HL",NA,"yinping","yinqu",NA,"L","1",228.253067,0.253661450785212
"S7","青菜","di","ct",NA,"HH_HL","HMML","RFLL",1,"11","S7_11_ct","HH","HL",NA,"yinping","yinqu",NA,"L","2",267.054544,1.09263166888699
"S7","青菜","di","ct",NA,"HH_HL","HMML","RFLL",1,"11","S7_11_ct","HH","HL",NA,"yinping","yinqu",NA,"L","3",282.420997,1.39159714331994
"S7","青菜","di","ct",NA,"HH_HL","HMML","RFLL",1,"11","S7_11_ct","HH","HL",NA,"yinping","yinqu",NA,"L","4",290.75923,1.54708482202479
"S7","青菜","di","ct",NA,"HH_HL","HMML","RFLL",1,"11","S7_11_ct","HH","HL",NA,"yinping","yinqu",NA,"L","5",299.7782,1.71032452544888
"S7","青菜","di","ct",NA,"HH_HL","HMML","RFLL",1,"11","S7_11_ct","HH","HL",NA,"yinping","yinqu",NA,"L","6",302.62543,1.76083956758617
"S7","青菜","di","ct",NA,"HH_HL","HMML","RFLL",1,"11","S7_11_ct","HH","HL",NA,"yinping","yinqu",NA,"L","7",297.928329,1.67724666994128
"S7","青菜","di","ct",NA,"HH_HL","HMML","RFLL",1,"11","S7_11_ct","HH","HL",NA,"yinping","yinqu",NA,"L","8",287.970542,1.49558449587679
"S7","青菜","di","ct",NA,"HH_HL","HMML","RFLL",1,"11","S7_11_ct","HH","HL",NA,"yinping","yinqu",NA,"L","9",272.164838,1.19392384691786
"S7","青菜","di","ct",NA,"HH_HL","HMML","RFLL",1,"11","S7_11_ct","HH","HL",NA,"yinping","yinqu",NA,"L","10",249.112967,0.720987383114149
"S7","青菜","di","ct",NA,"HH_HL","HMML","RFLL",2,"11","S7_11_ct","HH","HL",NA,"yinping","yinqu",NA,"L","11",205.154271,-0.316486150408566
"S7","青菜","di","ct",NA,"HH_HL","HMML","RFLL",2,"11","S7_11_ct","HH","HL",NA,"yinping","yinqu",NA,"L","12",199.73842,-0.459452947710146
"S7","青菜","di","ct",NA,"HH_HL","HMML","RFLL",2,"11","S7_11_ct","HH","HL",NA,"yinping","yinqu",NA,"L","13",198.536573,-0.491704452158389
"S7","青菜","di","ct",NA,"HH_HL","HMML","RFLL",2,"11","S7_11_ct","HH","HL",NA,"yinping","yinqu",NA,"L","14",198.6121,-0.489671947082939
"S7","青菜","di","ct",NA,"HH_HL","HMML","RFLL",2,"11","S7_11_ct","HH","HL",NA,"yinping","yinqu",NA,"L","15",197.410289,-0.522105929985793
"S7","青菜","di","ct",NA,"HH_HL","HMML","RFLL",2,"11","S7_11_ct","HH","HL",NA,"yinping","yinqu",NA,"L","16",195.59351,-0.571513211777865
"S7","青菜","di","ct",NA,"HH_HL","HMML","RFLL",2,"11","S7_11_ct","HH","HL",NA,"yinping","yinqu",NA,"L","17",194.939619,-0.58940815807826
"S7","青菜","di","ct",NA,"HH_HL","HMML","RFLL",2,"11","S7_11_ct","HH","HL",NA,"yinping","yinqu",NA,"L","18",195.107014,-0.584821371955371
"S7","青菜","di","ct",NA,"HH_HL","HMML","RFLL",2,"11","S7_11_ct","HH","HL",NA,"yinping","yinqu",NA,"L","19",197.027548,-0.532476653828609
"S7","青菜","di","ct",NA,"HH_HL","HMML","RFLL",2,"11","S7_11_ct","HH","HL",NA,"yinping","yinqu",NA,"L","20",201.224739,-0.419834991955883
"S7","樱桃","di","ct",NA,"HH_RF","HMML","RFLL",1,"17","S7_17_ct","HH","LHL",NA,"yinping","yangping",NA,"L","1",171.968277,-1.25941653545193
"S7","樱桃","di","ct",NA,"HH_RF","HMML","RFLL",1,"17","S7_17_ct","HH","LHL",NA,"yinping","yangping",NA,"L","2",203.749283,-0.353208964463492
"S7","樱桃","di","ct",NA,"HH_RF","HMML","RFLL",1,"17","S7_17_ct","HH","LHL",NA,"yinping","yangping",NA,"L","3",229.094462,0.273323853855865
"S7","樱桃","di","ct",NA,"HH_RF","HMML","RFLL",1,"17","S7_17_ct","HH","LHL",NA,"yinping","yangping",NA,"L","4",253.243606,0.808868881838259
"S7","樱桃","di","ct",NA,"HH_RF","HMML","RFLL",1,"17","S7_17_ct","HH","LHL",NA,"yinping","yangping",NA,"L","5",266.017584,1.07184144860253
"S7","樱桃","di","ct",NA,"HH_RF","HMML","RFLL",1,"17","S7_17_ct","HH","LHL",NA,"yinping","yangping",NA,"L","6",268.725434,1.12596243549506
"S7","樱桃","di","ct",NA,"HH_RF","HMML","RFLL",1,"17","S7_17_ct","HH","LHL",NA,"yinping","yangping",NA,"L","7",262.824268,1.00730517683644
"S7","樱桃","di","ct",NA,"HH_RF","HMML","RFLL",1,"17","S7_17_ct","HH","LHL",NA,"yinping","yangping",NA,"L","8",248.467314,0.707119225436371
"S7","樱桃","di","ct",NA,"HH_RF","HMML","RFLL",1,"17","S7_17_ct","HH","LHL",NA,"yinping","yangping",NA,"L","9",223.847311,0.149506040403516
"S7","樱桃","di","ct",NA,"HH_RF","HMML","RFLL",1,"17","S7_17_ct","HH","LHL",NA,"yinping","yangping",NA,"L","10",194.670551,-0.596789143537012
"S7","樱桃","di","ct",NA,"HH_RF","HMML","RFLL",2,"17","S7_17_ct","HH","LHL",NA,"yinping","yangping",NA,"L","11",168.761832,-1.35999583761027
"S7","樱桃","di","ct",NA,"HH_RF","HMML","RFLL",2,"17","S7_17_ct","HH","LHL",NA,"yinping","yangping",NA,"L","12",152.835855,-1.88969718483626
"S7","樱桃","di","ct",NA,"HH_RF","HMML","RFLL",2,"17","S7_17_ct","HH","LHL",NA,"yinping","yangping",NA,"L","13",140.141567,-2.3530680314446
"S7","樱桃","di","ct",NA,"HH_RF","HMML","RFLL",2,"17","S7_17_ct","HH","LHL",NA,"yinping","yangping",NA,"L","14",134.404627,-2.57643071468086
"S7","樱桃","di","ct",NA,"HH_RF","HMML","RFLL",2,"17","S7_17_ct","HH","LHL",NA,"yinping","yangping",NA,"L","15",132.975966,-2.63353726880204
"S7","樱桃","di","ct",NA,"HH_RF","HMML","RFLL",2,"17","S7_17_ct","HH","LHL",NA,"yinping","yangping",NA,"L","16",133.065696,-2.6299325570139
"S7","樱桃","di","ct",NA,"HH_RF","HMML","RFLL",2,"17","S7_17_ct","HH","LHL",NA,"yinping","yangping",NA,"L","17",133.20519,-2.62433350632727
"S7","樱桃","di","ct",NA,"HH_RF","HMML","RFLL",2,"17","S7_17_ct","HH","LHL",NA,"yinping","yangping",NA,"L","18",134.089634,-2.58896930202407
"S7","樱桃","di","ct",NA,"HH_RF","HMML","RFLL",2,"17","S7_17_ct","HH","LHL",NA,"yinping","yangping",NA,"L","19",134.612263,-2.56818163103804
"S7","樱桃","di","ct",NA,"HH_RF","HMML","RFLL",2,"17","S7_17_ct","HH","LHL",NA,"yinping","yangping",NA,"L","20",134.106903,-2.58828113075174
"S7","书房","di","ct",NA,"HH_RF","HMML","RFLL",1,"21","S7_21_ct","HH","LHL",NA,"yinping","yangping",NA,"L","1",234.479064,0.39747108257415
"S7","书房","di","ct",NA,"HH_RF","HMML","RFLL",1,"21","S7_21_ct","HH","LHL",NA,"yinping","yangping",NA,"L","2",257.852309,0.905245259273239
"S7","书房","di","ct",NA,"HH_RF","HMML","RFLL",1,"21","S7_21_ct","HH","LHL",NA,"yinping","yangping",NA,"L","3",265.588091,1.0632067120677
"S7","书房","di","ct",NA,"HH_RF","HMML","RFLL",1,"21","S7_21_ct","HH","LHL",NA,"yinping","yangping",NA,"L","4",268.73954,1.12624293766639
"S7","书房","di","ct",NA,"HH_RF","HMML","RFLL",1,"21","S7_21_ct","HH","LHL",NA,"yinping","yangping",NA,"L","5",268.315733,1.11780897361368
"S7","书房","di","ct",NA,"HH_RF","HMML","RFLL",1,"21","S7_21_ct","HH","LHL",NA,"yinping","yangping",NA,"L","6",267.947579,1.11047171172827
"S7","书房","di","ct",NA,"HH_RF","HMML","RFLL",1,"21","S7_21_ct","HH","LHL",NA,"yinping","yangping",NA,"L","7",263.305083,1.01707233258991
"S7","书房","di","ct",NA,"HH_RF","HMML","RFLL",1,"21","S7_21_ct","HH","LHL",NA,"yinping","yangping",NA,"L","8",250.899119,0.759166183152821
"S7","书房","di","ct",NA,"HH_RF","HMML","RFLL",1,"21","S7_21_ct","HH","LHL",NA,"yinping","yangping",NA,"L","9",231.821813,0.336565996281822
"S7","书房","di","ct",NA,"HH_RF","HMML","RFLL",1,"21","S7_21_ct","HH","LHL",NA,"yinping","yangping",NA,"L","10",211.596837,-0.151252222216311
"S7","书房","di","ct",NA,"HH_RF","HMML","RFLL",2,"21","S7_21_ct","HH","LHL",NA,"yinping","yangping",NA,"L","11",186.355273,-0.830067172528472
"S7","书房","di","ct",NA,"HH_RF","HMML","RFLL",2,"21","S7_21_ct","HH","LHL",NA,"yinping","yangping",NA,"L","12",177.990556,-1.07547944940097
"S7","书房","di","ct",NA,"HH_RF","HMML","RFLL",2,"21","S7_21_ct","HH","LHL",NA,"yinping","yangping",NA,"L","13",176.625237,-1.11662858546423
"S7","书房","di","ct",NA,"HH_RF","HMML","RFLL",2,"21","S7_21_ct","HH","LHL",NA,"yinping","yangping",NA,"L","14",176.265849,-1.1275130119034
"S7","书房","di","ct",NA,"HH_RF","HMML","RFLL",2,"21","S7_21_ct","HH","LHL",NA,"yinping","yangping",NA,"L","15",176.49813,-1.12047561521878
"S7","书房","di","ct",NA,"HH_RF","HMML","RFLL",2,"21","S7_21_ct","HH","LHL",NA,"yinping","yangping",NA,"L","16",177.979942,-1.0757981241057
"S7","书房","di","ct",NA,"HH_RF","HMML","RFLL",2,"21","S7_21_ct","HH","LHL",NA,"yinping","yangping",NA,"L","17",180.59472,-0.997860809544988
"S7","书房","di","ct",NA,"HH_RF","HMML","RFLL",2,"21","S7_21_ct","HH","LHL",NA,"yinping","yangping",NA,"L","18",182.168862,-0.951483509064607
"S7","书房","di","ct",NA,"HH_RF","HMML","RFLL",2,"21","S7_21_ct","HH","LHL",NA,"yinping","yangping",NA,"L","19",181.396231,-0.974196436804514
"S7","书房","di","ct",NA,"HH_RF","HMML","RFLL",2,"21","S7_21_ct","HH","LHL",NA,"yinping","yangping",NA,"L","20",177.225543,-1.09849701348803
"S7","青豆","di","ct",NA,"HH_LH","HMML","RFLL",1,"25","S7_25_ct","HH","LH",NA,"yinping","yangqu",NA,"L","1",252.640532,0.796127918571239
"S7","青豆","di","ct",NA,"HH_LH","HMML","RFLL",1,"25","S7_25_ct","HH","LH",NA,"yinping","yangqu",NA,"L","2",279.09719,1.32833271933849
"S7","青豆","di","ct",NA,"HH_LH","HMML","RFLL",1,"25","S7_25_ct","HH","LH",NA,"yinping","yangqu",NA,"L","3",291.206574,1.55530018489049
"S7","青豆","di","ct",NA,"HH_LH","HMML","RFLL",1,"25","S7_25_ct","HH","LH",NA,"yinping","yangqu",NA,"L","4",294.60252,1.61725742249029
"S7","青豆","di","ct",NA,"HH_LH","HMML","RFLL",1,"25","S7_25_ct","HH","LH",NA,"yinping","yangqu",NA,"L","5",291.214889,1.55545276832895
"S7","青豆","di","ct",NA,"HH_LH","HMML","RFLL",1,"25","S7_25_ct","HH","LH",NA,"yinping","yangqu",NA,"L","6",284.283935,1.42673097274082
"S7","青豆","di","ct",NA,"HH_LH","HMML","RFLL",1,"25","S7_25_ct","HH","LH",NA,"yinping","yangqu",NA,"L","7",275.926446,1.26727551142175
"S7","青豆","di","ct",NA,"HH_LH","HMML","RFLL",1,"25","S7_25_ct","HH","LH",NA,"yinping","yangqu",NA,"L","8",262.547607,1.00167705257405
"S7","青豆","di","ct",NA,"HH_LH","HMML","RFLL",1,"25","S7_25_ct","HH","LH",NA,"yinping","yangqu",NA,"L","9",241.467534,0.554412513227075
"S7","青豆","di","ct",NA,"HH_LH","HMML","RFLL",1,"25","S7_25_ct","HH","LH",NA,"yinping","yangqu",NA,"L","10",213.870115,-0.0941473236365052
"S7","青豆","di","ct",NA,"HH_LH","HMML","RFLL",2,"25","S7_25_ct","HH","LH",NA,"yinping","yangqu",NA,"L","11",191.876488,-0.674043667725159
"S7","青豆","di","ct",NA,"HH_LH","HMML","RFLL",2,"25","S7_25_ct","HH","LH",NA,"yinping","yangqu",NA,"L","12",183.873804,-0.901702516094316
"S7","青豆","di","ct",NA,"HH_LH","HMML","RFLL",2,"25","S7_25_ct","HH","LH",NA,"yinping","yangqu",NA,"L","13",177.240154,-1.09805647055123
"S7","青豆","di","ct",NA,"HH_LH","HMML","RFLL",2,"25","S7_25_ct","HH","LH",NA,"yinping","yangqu",NA,"L","14",176.253334,-1.12789244098448
"S7","青豆","di","ct",NA,"HH_LH","HMML","RFLL",2,"25","S7_25_ct","HH","LH",NA,"yinping","yangqu",NA,"L","15",177.883141,-1.0787053543795
"S7","青豆","di","ct",NA,"HH_LH","HMML","RFLL",2,"25","S7_25_ct","HH","LH",NA,"yinping","yangqu",NA,"L","16",180.69535,-0.994883979958003
"S7","青豆","di","ct",NA,"HH_LH","HMML","RFLL",2,"25","S7_25_ct","HH","LH",NA,"yinping","yangqu",NA,"L","17",182.555388,-0.940156982446722
"S7","青豆","di","ct",NA,"HH_LH","HMML","RFLL",2,"25","S7_25_ct","HH","LH",NA,"yinping","yangqu",NA,"L","18",186.386595,-0.829169074333109
"S7","青豆","di","ct",NA,"HH_LH","HMML","RFLL",2,"25","S7_25_ct","HH","LH",NA,"yinping","yangqu",NA,"L","19",191.899271,-0.67340919072104
"S7","青豆","di","ct",NA,"HH_LH","HMML","RFLL",2,"25","S7_25_ct","HH","LH",NA,"yinping","yangqu",NA,"L","20",186.975377,-0.81231490637241
"S7","新店","di","ct",NA,"HL_HL","HMML","RFLL",1,"38","S7_38_ct","HL","HL",NA,"yinping","yinqu",NA,"M","1",282.824037,1.39921782783875
"S7","新店","di","ct",NA,"HL_HL","HMML","RFLL",1,"38","S7_38_ct","HL","HL",NA,"yinping","yinqu",NA,"M","2",280.192218,1.34925801964565
"S7","新店","di","ct",NA,"HL_HL","HMML","RFLL",1,"38","S7_38_ct","HL","HL",NA,"yinping","yinqu",NA,"M","3",289.56367,1.52506647069685
"S7","新店","di","ct",NA,"HL_HL","HMML","RFLL",1,"38","S7_38_ct","HL","HL",NA,"yinping","yinqu",NA,"M","4",288.981744,1.51431635922901
"S7","新店","di","ct",NA,"HL_HL","HMML","RFLL",1,"38","S7_38_ct","HL","HL",NA,"yinping","yinqu",NA,"M","5",299.41527,1.70385103718679
"S7","新店","di","ct",NA,"HL_HL","HMML","RFLL",1,"38","S7_38_ct","HL","HL",NA,"yinping","yinqu",NA,"M","6",303.32176,1.77312139630505
"S7","新店","di","ct",NA,"HL_HL","HMML","RFLL",1,"38","S7_38_ct","HL","HL",NA,"yinping","yinqu",NA,"M","7",304.640052,1.7962963305915
"S7","新店","di","ct",NA,"HL_HL","HMML","RFLL",1,"38","S7_38_ct","HL","HL",NA,"yinping","yinqu",NA,"M","8",300.387201,1.72116952939867
"S7","新店","di","ct",NA,"HL_HL","HMML","RFLL",1,"38","S7_38_ct","HL","HL",NA,"yinping","yinqu",NA,"M","9",294.236516,1.61061430689637
"S7","新店","di","ct",NA,"HL_HL","HMML","RFLL",1,"38","S7_38_ct","HL","HL",NA,"yinping","yinqu",NA,"M","10",280.835736,1.3615171285556
"S7","新店","di","ct",NA,"HL_HL","HMML","RFLL",2,"38","S7_38_ct","HL","HL",NA,"yinping","yinqu",NA,"M","11",219.829056,0.0527082180438453
"S7","新店","di","ct",NA,"HL_HL","HMML","RFLL",2,"38","S7_38_ct","HL","HL",NA,"yinping","yinqu",NA,"M","12",209.74506,-0.198224254474746
"S7","新店","di","ct",NA,"HL_HL","HMML","RFLL",2,"38","S7_38_ct","HL","HL",NA,"yinping","yinqu",NA,"M","13",212.859146,-0.11946761754233
"S7","新店","di","ct",NA,"HL_HL","HMML","RFLL",2,"38","S7_38_ct","HL","HL",NA,"yinping","yinqu",NA,"M","14",212.915401,-0.118055522426714
"S7","新店","di","ct",NA,"HL_HL","HMML","RFLL",2,"38","S7_38_ct","HL","HL",NA,"yinping","yinqu",NA,"M","15",211.095785,-0.163921178888238
"S7","新店","di","ct",NA,"HL_HL","HMML","RFLL",2,"38","S7_38_ct","HL","HL",NA,"yinping","yinqu",NA,"M","16",210.386047,-0.181918262096907
"S7","新店","di","ct",NA,"HL_HL","HMML","RFLL",2,"38","S7_38_ct","HL","HL",NA,"yinping","yinqu",NA,"M","17",210.949963,-0.167613896122662
"S7","新店","di","ct",NA,"HL_HL","HMML","RFLL",2,"38","S7_38_ct","HL","HL",NA,"yinping","yinqu",NA,"M","18",208.15048,-0.239005754795276
"S7","新店","di","ct",NA,"HL_HL","HMML","RFLL",2,"38","S7_38_ct","HL","HL",NA,"yinping","yinqu",NA,"M","19",200.803442,-0.431034902231017
"S7","新店","di","ct",NA,"HL_HL","HMML","RFLL",2,"38","S7_38_ct","HL","HL",NA,"yinping","yinqu",NA,"M","20",194.243018,-0.608538098425898
"S7","新车","di","ct",NA,"HL_HH","HMML","RFLL",1,"45","S7_45_ct","HL","HH",NA,"yinping","yinping",NA,"M","1",293.020808,1.58848927181392
"S7","新车","di","ct",NA,"HL_HH","HMML","RFLL",1,"45","S7_45_ct","HL","HH",NA,"yinping","yinping",NA,"M","2",300.962227,1.73138934893238
"S7","新车","di","ct",NA,"HL_HH","HMML","RFLL",1,"45","S7_45_ct","HL","HH",NA,"yinping","yinping",NA,"M","3",311.578015,1.91663311960212
"S7","新车","di","ct",NA,"HL_HH","HMML","RFLL",1,"45","S7_45_ct","HL","HH",NA,"yinping","yinping",NA,"M","4",322.451075,2.09993532699031
"S7","新车","di","ct",NA,"HL_HH","HMML","RFLL",1,"45","S7_45_ct","HL","HH",NA,"yinping","yinping",NA,"M","5",325.415704,2.1488422328628
"S7","新车","di","ct",NA,"HL_HH","HMML","RFLL",1,"45","S7_45_ct","HL","HH",NA,"yinping","yinping",NA,"M","6",323.057008,2.10996774370334
"S7","新车","di","ct",NA,"HL_HH","HMML","RFLL",1,"45","S7_45_ct","HL","HH",NA,"yinping","yinping",NA,"M","7",316.576465,2.00168042774471
"S7","新车","di","ct",NA,"HL_HH","HMML","RFLL",1,"45","S7_45_ct","HL","HH",NA,"yinping","yinping",NA,"M","8",305.946175,1.81915864804011
"S7","新车","di","ct",NA,"HL_HH","HMML","RFLL",1,"45","S7_45_ct","HL","HH",NA,"yinping","yinping",NA,"M","9",298.55282,1.68843620739768
"S7","新车","di","ct",NA,"HL_HH","HMML","RFLL",1,"45","S7_45_ct","HL","HH",NA,"yinping","yinping",NA,"M","10",280.198972,1.34938683044405
"S7","新车","di","ct",NA,"HL_HH","HMML","RFLL",2,"45","S7_45_ct","HL","HH",NA,"yinping","yinping",NA,"M","11",250.851029,0.758141829821948
"S7","新车","di","ct",NA,"HL_HH","HMML","RFLL",2,"45","S7_45_ct","HL","HH",NA,"yinping","yinping",NA,"M","12",239.878802,0.519136697547309
"S7","新车","di","ct",NA,"HL_HH","HMML","RFLL",2,"45","S7_45_ct","HL","HH",NA,"yinping","yinping",NA,"M","13",244.227929,0.615155252956418
"S7","新车","di","ct",NA,"HL_HH","HMML","RFLL",2,"45","S7_45_ct","HL","HH",NA,"yinping","yinping",NA,"M","14",247.274592,0.681405384646824
"S7","新车","di","ct",NA,"HL_HH","HMML","RFLL",2,"45","S7_45_ct","HL","HH",NA,"yinping","yinping",NA,"M","15",251.121185,0.763893811528152
"S7","新车","di","ct",NA,"HL_HH","HMML","RFLL",2,"45","S7_45_ct","HL","HH",NA,"yinping","yinping",NA,"M","16",255.14419,0.848824374526309
"S7","新车","di","ct",NA,"HL_HH","HMML","RFLL",2,"45","S7_45_ct","HL","HH",NA,"yinping","yinping",NA,"M","17",254.95664,0.844894817708149
"S7","新车","di","ct",NA,"HL_HH","HMML","RFLL",2,"45","S7_45_ct","HL","HH",NA,"yinping","yinping",NA,"M","18",249.843932,0.736644665206645
"S7","新车","di","ct",NA,"HL_HH","HMML","RFLL",2,"45","S7_45_ct","HL","HH",NA,"yinping","yinping",NA,"M","19",242.204686,0.570701300633015
"S7","新车","di","ct",NA,"HL_HH","HMML","RFLL",2,"45","S7_45_ct","HL","HH",NA,"yinping","yinping",NA,"M","20",233.783077,0.381585801053047
"S7","新房","di","ct",NA,"HL_RF","HMML","RFLL",1,"47","S7_47_ct","HL","LHL",NA,"yinping","yangping",NA,"M","1",314.390095,1.96464634696384
"S7","新房","di","ct",NA,"HL_RF","HMML","RFLL",1,"47","S7_47_ct","HL","LHL",NA,"yinping","yangping",NA,"M","2",299.952234,1.71342594514758
"S7","新房","di","ct",NA,"HL_RF","HMML","RFLL",1,"47","S7_47_ct","HL","LHL",NA,"yinping","yangping",NA,"M","3",317.400179,2.01556670870434
"S7","新房","di","ct",NA,"HL_RF","HMML","RFLL",1,"47","S7_47_ct","HL","LHL",NA,"yinping","yangping",NA,"M","4",324.18879,2.12865633215719
"S7","新房","di","ct",NA,"HL_RF","HMML","RFLL",1,"47","S7_47_ct","HL","LHL",NA,"yinping","yangping",NA,"M","5",321.614973,2.08606100992117
"S7","新房","di","ct",NA,"HL_RF","HMML","RFLL",1,"47","S7_47_ct","HL","LHL",NA,"yinping","yangping",NA,"M","6",317.170736,2.0117023522151
"S7","新房","di","ct",NA,"HL_RF","HMML","RFLL",1,"47","S7_47_ct","HL","LHL",NA,"yinping","yangping",NA,"M","7",311.673618,1.91827254105457
"S7","新房","di","ct",NA,"HL_RF","HMML","RFLL",1,"47","S7_47_ct","HL","LHL",NA,"yinping","yangping",NA,"M","8",302.449449,1.75773115122889
"S7","新房","di","ct",NA,"HL_RF","HMML","RFLL",1,"47","S7_47_ct","HL","LHL",NA,"yinping","yangping",NA,"M","9",285.286589,1.44554520704572
"S7","新房","di","ct",NA,"HL_RF","HMML","RFLL",1,"47","S7_47_ct","HL","LHL",NA,"yinping","yangping",NA,"M","10",263.246075,1.01587461938018
"S7","新房","di","ct",NA,"HL_RF","HMML","RFLL",2,"47","S7_47_ct","HL","LHL",NA,"yinping","yangping",NA,"M","11",225.436535,0.187310987734197
"S7","新房","di","ct",NA,"HL_RF","HMML","RFLL",2,"47","S7_47_ct","HL","LHL",NA,"yinping","yangping",NA,"M","12",206.13683,-0.290953690058045
"S7","新房","di","ct",NA,"HL_RF","HMML","RFLL",2,"47","S7_47_ct","HL","LHL",NA,"yinping","yangping",NA,"M","13",203.519661,-0.359234765137059
"S7","新房","di","ct",NA,"HL_RF","HMML","RFLL",2,"47","S7_47_ct","HL","LHL",NA,"yinping","yangping",NA,"M","14",204.038376,-0.345632159902027
"S7","新房","di","ct",NA,"HL_RF","HMML","RFLL",2,"47","S7_47_ct","HL","LHL",NA,"yinping","yangping",NA,"M","15",205.374215,-0.310760149958111
"S7","新房","di","ct",NA,"HL_RF","HMML","RFLL",2,"47","S7_47_ct","HL","LHL",NA,"yinping","yangping",NA,"M","16",207.404401,-0.258194183360467
"S7","新房","di","ct",NA,"HL_RF","HMML","RFLL",2,"47","S7_47_ct","HL","LHL",NA,"yinping","yangping",NA,"M","17",209.926158,-0.193612278772935
"S7","新房","di","ct",NA,"HL_RF","HMML","RFLL",2,"47","S7_47_ct","HL","LHL",NA,"yinping","yangping",NA,"M","18",213.459027,-0.104428787123086
"S7","新房","di","ct",NA,"HL_RF","HMML","RFLL",2,"47","S7_47_ct","HL","LHL",NA,"yinping","yangping",NA,"M","19",213.179395,-0.111433808767813
"S7","新房","di","ct",NA,"HL_RF","HMML","RFLL",2,"47","S7_47_ct","HL","LHL",NA,"yinping","yangping",NA,"M","20",199.636564,-0.462178711909118
"S7","新路","di","ct",NA,"HL_LH","HMML",NA,1,"51","S7_51_ct","HL","LH",NA,"yinping","yangqu",NA,"M","1",274.959948,1.24852462194562
"S7","新路","di","ct",NA,"HL_LH","HMML",NA,1,"51","S7_51_ct","HL","LH",NA,"yinping","yangqu",NA,"M","2",295.111675,1.62648507122234
"S7","新路","di","ct",NA,"HL_LH","HMML",NA,1,"51","S7_51_ct","HL","LH",NA,"yinping","yangqu",NA,"M","3",311.233057,1.91071351831638
"S7","新路","di","ct",NA,"HL_LH","HMML",NA,1,"51","S7_51_ct","HL","LH",NA,"yinping","yangqu",NA,"M","4",315.287198,1.97987309233497
"S7","新路","di","ct",NA,"HL_LH","HMML",NA,1,"51","S7_51_ct","HL","LH",NA,"yinping","yangqu",NA,"M","5",314.341395,1.96381850723576
"S7","新路","di","ct",NA,"HL_LH","HMML",NA,1,"51","S7_51_ct","HL","LH",NA,"yinping","yangqu",NA,"M","6",310.459308,1.89741181350072
"S7","新路","di","ct",NA,"HL_LH","HMML",NA,1,"51","S7_51_ct","HL","LH",NA,"yinping","yangqu",NA,"M","7",302.244011,1.75410013626757
"S7","新路","di","ct",NA,"HL_LH","HMML",NA,1,"51","S7_51_ct","HL","LH",NA,"yinping","yangqu",NA,"M","8",286.455586,1.46739746342484
"S7","新路","di","ct",NA,"HL_LH","HMML",NA,1,"51","S7_51_ct","HL","LH",NA,"yinping","yangqu",NA,"M","9",272.081754,1.19229228260654
"S7","新路","di","ct",NA,"HL_LH","HMML",NA,1,"51","S7_51_ct","HL","LH",NA,"yinping","yangqu",NA,"M","10",255.811139,0.862774960639115
"S7","新路","di","ct",NA,"HL_LH","HMML",NA,2,"51","S7_51_ct","HL","LH",NA,"yinping","yangqu",NA,"M","11",220.869471,0.077940023512756
"S7","新路","di","ct",NA,"HL_LH","HMML",NA,2,"51","S7_51_ct","HL","LH",NA,"yinping","yangqu",NA,"M","12",207.256255,-0.262012567634641
"S7","新路","di","ct",NA,"HL_LH","HMML",NA,2,"51","S7_51_ct","HL","LH",NA,"yinping","yangqu",NA,"M","13",207.467764,-0.256561868434792
"S7","新路","di","ct",NA,"HL_LH","HMML",NA,2,"51","S7_51_ct","HL","LH",NA,"yinping","yangqu",NA,"M","14",212.1762,-0.136640539914349
"S7","新路","di","ct",NA,"HL_LH","HMML",NA,2,"51","S7_51_ct","HL","LH",NA,"yinping","yangqu",NA,"M","15",219.296152,0.0397381175937172
"S7","新路","di","ct",NA,"HL_LH","HMML",NA,2,"51","S7_51_ct","HL","LH",NA,"yinping","yangqu",NA,"M","16",227.450771,0.234845121517431
"S7","新路","di","ct",NA,"HL_LH","HMML",NA,2,"51","S7_51_ct","HL","LH",NA,"yinping","yangqu",NA,"M","17",234.692791,0.402339748586026
"S7","新路","di","ct",NA,"HL_LH","HMML",NA,2,"51","S7_51_ct","HL","LH",NA,"yinping","yangqu",NA,"M","18",239.554698,0.511911685172483
"S7","新路","di","ct",NA,"HL_LH","HMML",NA,2,"51","S7_51_ct","HL","LH",NA,"yinping","yangqu",NA,"M","19",238.537028,0.489161815391824
"S7","新路","di","ct",NA,"HL_LH","HMML",NA,2,"51","S7_51_ct","HL","LH",NA,"yinping","yangqu",NA,"M","20",225.968443,0.199904674697329
"S8","青椒","di","ct",NA,"HL_HH","HHHH",NA,1,"1","S8_1_ct","HL","HH",NA,"yinping","yinping",NA,"L","1",247.332445541474,1.57554855218876
"S8","青椒","di","ct",NA,"HL_HH","HHHH",NA,1,"1","S8_1_ct","HL","HH",NA,"yinping","yinping",NA,"L","2",263.983173666098,1.80287798507299
"S8","青椒","di","ct",NA,"HL_HH","HHHH",NA,1,"1","S8_1_ct","HL","HH",NA,"yinping","yinping",NA,"L","3",274.424377848875,1.93822597502185
"S8","青椒","di","ct",NA,"HL_HH","HHHH",NA,1,"1","S8_1_ct","HL","HH",NA,"yinping","yinping",NA,"L","4",276.652288715604,1.9664387670611
"S8","青椒","di","ct",NA,"HL_HH","HHHH",NA,1,"1","S8_1_ct","HL","HH",NA,"yinping","yinping",NA,"L","5",275.965020588485,1.95775996355339
"S8","青椒","di","ct",NA,"HL_HH","HHHH",NA,1,"1","S8_1_ct","HL","HH",NA,"yinping","yinping",NA,"L","6",272.500800597997,1.91368219678586
"S8","青椒","di","ct",NA,"HL_HH","HHHH",NA,1,"1","S8_1_ct","HL","HH",NA,"yinping","yinping",NA,"L","7",265.449078202273,1.82220008469546
"S8","青椒","di","ct",NA,"HL_HH","HHHH",NA,1,"1","S8_1_ct","HL","HH",NA,"yinping","yinping",NA,"L","8",254.183552904435,1.67088542711094
"S8","青椒","di","ct",NA,"HL_HH","HHHH",NA,1,"1","S8_1_ct","HL","HH",NA,"yinping","yinping",NA,"L","9",241.259281063795,1.4888026007057
"S8","青椒","di","ct",NA,"HL_HH","HHHH",NA,1,"1","S8_1_ct","HL","HH",NA,"yinping","yinping",NA,"L","10",230.131657385003,1.3240395590244
"S8","青椒","di","ct",NA,"HL_HH","HHHH",NA,2,"1","S8_1_ct","HL","HH",NA,"yinping","yinping",NA,"L","11",223.887814729275,1.22806353277045
"S8","青椒","di","ct",NA,"HL_HH","HHHH",NA,2,"1","S8_1_ct","HL","HH",NA,"yinping","yinping",NA,"L","12",234.887143890047,1.39540656771422
"S8","青椒","di","ct",NA,"HL_HH","HHHH",NA,2,"1","S8_1_ct","HL","HH",NA,"yinping","yinping",NA,"L","13",240.393600459332,1.47626016439163
"S8","青椒","di","ct",NA,"HL_HH","HHHH",NA,2,"1","S8_1_ct","HL","HH",NA,"yinping","yinping",NA,"L","14",241.39600429493,1.49077940270252
"S8","青椒","di","ct",NA,"HL_HH","HHHH",NA,2,"1","S8_1_ct","HL","HH",NA,"yinping","yinping",NA,"L","15",240.999581805681,1.48504467278682
"S8","青椒","di","ct",NA,"HL_HH","HHHH",NA,2,"1","S8_1_ct","HL","HH",NA,"yinping","yinping",NA,"L","16",239.147977039324,1.458133437696
"S8","青椒","di","ct",NA,"HL_HH","HHHH",NA,2,"1","S8_1_ct","HL","HH",NA,"yinping","yinping",NA,"L","17",235.117022992783,1.39881972052155
"S8","青椒","di","ct",NA,"HL_HH","HHHH",NA,2,"1","S8_1_ct","HL","HH",NA,"yinping","yinping",NA,"L","18",226.226407641363,1.26432068697179
"S8","青椒","di","ct",NA,"HL_HH","HHHH",NA,2,"1","S8_1_ct","HL","HH",NA,"yinping","yinping",NA,"L","19",219.887213866658,1.16515174288717
"S8","青椒","di","ct",NA,"HL_HH","HHHH",NA,2,"1","S8_1_ct","HL","HH",NA,"yinping","yinping",NA,"L","20",219.60374165231,1.16065064428386
"S8","书包","di","ct",NA,"HH_HH","HMML","RFRF",1,"3","S8_3_ct","HH","HH",NA,"yinping","yinping",NA,"L","1",233.390538081675,1.37310356395308
"S8","书包","di","ct",NA,"HH_HH","HMML","RFRF",1,"3","S8_3_ct","HH","HH",NA,"yinping","yinping",NA,"L","2",240.999052107449,1.48503700375343
"S8","书包","di","ct",NA,"HH_HH","HMML","RFRF",1,"3","S8_3_ct","HH","HH",NA,"yinping","yinping",NA,"L","3",248.55114483463,1.59269900571687
"S8","书包","di","ct",NA,"HH_HH","HMML","RFRF",1,"3","S8_3_ct","HH","HH",NA,"yinping","yinping",NA,"L","4",255.580399514246,1.69000765968956
"S8","书包","di","ct",NA,"HH_HH","HMML","RFRF",1,"3","S8_3_ct","HH","HH",NA,"yinping","yinping",NA,"L","5",261.445853586688,1.7691785606732
"S8","书包","di","ct",NA,"HH_HH","HMML","RFRF",1,"3","S8_3_ct","HH","HH",NA,"yinping","yinping",NA,"L","6",265.652010019386,1.82486651899044
"S8","书包","di","ct",NA,"HH_HH","HMML","RFRF",1,"3","S8_3_ct","HH","HH",NA,"yinping","yinping",NA,"L","7",266.867001965069,1.8407884943479
"S8","书包","di","ct",NA,"HH_HH","HMML","RFRF",1,"3","S8_3_ct","HH","HH",NA,"yinping","yinping",NA,"L","8",264.524543599578,1.81002625367971
"S8","书包","di","ct",NA,"HH_HH","HMML","RFRF",1,"3","S8_3_ct","HH","HH",NA,"yinping","yinping",NA,"L","9",257.236994809136,1.71255073173417
"S8","书包","di","ct",NA,"HH_HH","HMML","RFRF",1,"3","S8_3_ct","HH","HH",NA,"yinping","yinping",NA,"L","10",244.973938294904,1.54211650412179
"S8","书包","di","ct",NA,"HH_HH","HMML","RFRF",2,"3","S8_3_ct","HH","HH",NA,"yinping","yinping",NA,"L","11",220.890517741178,1.18103616817591
"S8","书包","di","ct",NA,"HH_HH","HMML","RFRF",2,"3","S8_3_ct","HH","HH",NA,"yinping","yinping",NA,"L","12",209.6707968968,0.999148486634992
"S8","书包","di","ct",NA,"HH_HH","HMML","RFRF",2,"3","S8_3_ct","HH","HH",NA,"yinping","yinping",NA,"L","13",211.782432203391,1.03411328883608
"S8","书包","di","ct",NA,"HH_HH","HMML","RFRF",2,"3","S8_3_ct","HH","HH",NA,"yinping","yinping",NA,"L","14",213.314808907443,1.05926902598559
"S8","书包","di","ct",NA,"HH_HH","HMML","RFRF",2,"3","S8_3_ct","HH","HH",NA,"yinping","yinping",NA,"L","15",213.500967563727,1.06231271804658
"S8","书包","di","ct",NA,"HH_HH","HMML","RFRF",2,"3","S8_3_ct","HH","HH",NA,"yinping","yinping",NA,"L","16",211.278626702241,1.02580296455404
"S8","书包","di","ct",NA,"HH_HH","HMML","RFRF",2,"3","S8_3_ct","HH","HH",NA,"yinping","yinping",NA,"L","17",205.450035791633,0.928192487178803
"S8","书包","di","ct",NA,"HH_HH","HMML","RFRF",2,"3","S8_3_ct","HH","HH",NA,"yinping","yinping",NA,"L","18",186.391321430161,0.588501465034507
"S8","书包","di","ct",NA,"HH_HH","HMML","RFRF",2,"3","S8_3_ct","HH","HH",NA,"yinping","yinping",NA,"L","19",170.677468616825,0.281196694248002
"S8","书包","di","ct",NA,"HH_HH","HMML","RFRF",2,"3","S8_3_ct","HH","HH",NA,"yinping","yinping",NA,"L","20",168.544813727994,0.23732344038063
"S8","樱花","di","ct",NA,"HL_HH","HMML","RFRF",1,"9","S8_9_ct","HL","HH",NA,"yinping","yinping",NA,"L","1",170.443398777657,0.276408242119773
"S8","樱花","di","ct",NA,"HL_HH","HMML","RFRF",1,"9","S8_9_ct","HL","HH",NA,"yinping","yinping",NA,"L","2",207.180504036808,0.957458443808125
"S8","樱花","di","ct",NA,"HL_HH","HMML","RFRF",1,"9","S8_9_ct","HL","HH",NA,"yinping","yinping",NA,"L","3",223.419099841729,1.22075111142455
"S8","樱花","di","ct",NA,"HL_HH","HMML","RFRF",1,"9","S8_9_ct","HL","HH",NA,"yinping","yinping",NA,"L","4",235.057696443858,1.39793918328475
"S8","樱花","di","ct",NA,"HL_HH","HMML","RFRF",1,"9","S8_9_ct","HL","HH",NA,"yinping","yinping",NA,"L","5",245.207107376733,1.54543600198785
"S8","樱花","di","ct",NA,"HL_HH","HMML","RFRF",1,"9","S8_9_ct","HL","HH",NA,"yinping","yinping",NA,"L","6",249.021933944502,1.59930179709593
"S8","樱花","di","ct",NA,"HL_HH","HMML","RFRF",1,"9","S8_9_ct","HL","HH",NA,"yinping","yinping",NA,"L","7",245.665325924448,1.55195021655939
"S8","樱花","di","ct",NA,"HL_HH","HMML","RFRF",1,"9","S8_9_ct","HL","HH",NA,"yinping","yinping",NA,"L","8",234.019090552374,1.38248786772304
"S8","樱花","di","ct",NA,"HL_HH","HMML","RFRF",1,"9","S8_9_ct","HL","HH",NA,"yinping","yinping",NA,"L","9",210.634947192555,1.01515652393954
"S8","樱花","di","ct",NA,"HL_HH","HMML","RFRF",1,"9","S8_9_ct","HL","HH",NA,"yinping","yinping",NA,"L","10",187.695015001892,0.612821452622081
"S8","樱花","di","ct",NA,"HL_HH","HMML","RFRF",2,"9","S8_9_ct","HL","HH",NA,"yinping","yinping",NA,"L","11",186.087559063845,0.582810442271907
"S8","樱花","di","ct",NA,"HL_HH","HMML","RFRF",2,"9","S8_9_ct","HL","HH",NA,"yinping","yinping",NA,"L","12",204.068479133219,0.904649871193435
"S8","樱花","di","ct",NA,"HL_HH","HMML","RFRF",2,"9","S8_9_ct","HL","HH",NA,"yinping","yinping",NA,"L","13",216.118450818768,1.10482978483112
"S8","樱花","di","ct",NA,"HL_HH","HMML","RFRF",2,"9","S8_9_ct","HL","HH",NA,"yinping","yinping",NA,"L","14",218.950179183128,1.15025090766261
"S8","樱花","di","ct",NA,"HL_HH","HMML","RFRF",2,"9","S8_9_ct","HL","HH",NA,"yinping","yinping",NA,"L","15",216.83448784489,1.11637104142766
"S8","樱花","di","ct",NA,"HL_HH","HMML","RFRF",2,"9","S8_9_ct","HL","HH",NA,"yinping","yinping",NA,"L","16",211.329774545732,1.02664755685027
"S8","樱花","di","ct",NA,"HL_HH","HMML","RFRF",2,"9","S8_9_ct","HL","HH",NA,"yinping","yinping",NA,"L","17",203.259824186139,0.890795808693469
"S8","樱花","di","ct",NA,"HL_HH","HMML","RFRF",2,"9","S8_9_ct","HL","HH",NA,"yinping","yinping",NA,"L","18",190.174105313221,0.658605595599678
"S8","樱花","di","ct",NA,"HL_HH","HMML","RFRF",2,"9","S8_9_ct","HL","HH",NA,"yinping","yinping",NA,"L","19",173.163698346355,0.331656882295431
"S8","樱花","di","ct",NA,"HL_HH","HMML","RFRF",2,"9","S8_9_ct","HL","HH",NA,"yinping","yinping",NA,"L","20",165.836610725698,0.180802877224501
"S8","青菜","di","ct",NA,"HL_HL","HMML","RFRF",1,"11","S8_11_ct","HL","HL",NA,"yinping","yinqu",NA,"L","1",192.906800497983,0.708386864803966
"S8","青菜","di","ct",NA,"HL_HL","HMML","RFRF",1,"11","S8_11_ct","HL","HL",NA,"yinping","yinqu",NA,"L","2",230.428773168078,1.32854147176351
"S8","青菜","di","ct",NA,"HL_HL","HMML","RFRF",1,"11","S8_11_ct","HL","HL",NA,"yinping","yinqu",NA,"L","3",250.588947532215,1.62118950126104
"S8","青菜","di","ct",NA,"HL_HL","HMML","RFRF",1,"11","S8_11_ct","HL","HL",NA,"yinping","yinqu",NA,"L","4",254.073643548267,1.66937635828898
"S8","青菜","di","ct",NA,"HL_HL","HMML","RFRF",1,"11","S8_11_ct","HL","HL",NA,"yinping","yinqu",NA,"L","5",254.6841993216,1.67775111782278
"S8","青菜","di","ct",NA,"HL_HL","HMML","RFRF",1,"11","S8_11_ct","HL","HL",NA,"yinping","yinqu",NA,"L","6",252.438290690678,1.64684531960795
"S8","青菜","di","ct",NA,"HL_HL","HMML","RFRF",1,"11","S8_11_ct","HL","HL",NA,"yinping","yinqu",NA,"L","7",247.082985771607,1.57202754874785
"S8","青菜","di","ct",NA,"HL_HL","HMML","RFRF",1,"11","S8_11_ct","HL","HL",NA,"yinping","yinqu",NA,"L","8",238.332837062395,1.44622006848239
"S8","青菜","di","ct",NA,"HL_HL","HMML","RFRF",1,"11","S8_11_ct","HL","HL",NA,"yinping","yinqu",NA,"L","9",224.8389079584,1.24285460708812
"S8","青菜","di","ct",NA,"HL_HL","HMML","RFRF",1,"11","S8_11_ct","HL","HL",NA,"yinping","yinqu",NA,"L","10",206.975125744046,0.953997863611675
"S8","青菜","di","ct",NA,"HL_HL","HMML","RFRF",2,"11","S8_11_ct","HL","HL",NA,"yinping","yinqu",NA,"L","11",186.555896406486,0.591580923637146
"S8","青菜","di","ct",NA,"HL_HL","HMML","RFRF",2,"11","S8_11_ct","HL","HL",NA,"yinping","yinqu",NA,"L","12",182.808575472686,0.520780055480454
"S8","青菜","di","ct",NA,"HL_HL","HMML","RFRF",2,"11","S8_11_ct","HL","HL",NA,"yinping","yinqu",NA,"L","13",192.295229939339,0.697307463841654
"S8","青菜","di","ct",NA,"HL_HL","HMML","RFRF",2,"11","S8_11_ct","HL","HL",NA,"yinping","yinqu",NA,"L","14",197.755528208088,0.795004530608375
"S8","青菜","di","ct",NA,"HL_HL","HMML","RFRF",2,"11","S8_11_ct","HL","HL",NA,"yinping","yinqu",NA,"L","15",199.600454547029,0.82740567190004
"S8","青菜","di","ct",NA,"HL_HL","HMML","RFRF",2,"11","S8_11_ct","HL","HL",NA,"yinping","yinqu",NA,"L","16",198.292035861505,0.804457902719833
"S8","青菜","di","ct",NA,"HL_HL","HMML","RFRF",2,"11","S8_11_ct","HL","HL",NA,"yinping","yinqu",NA,"L","17",194.02074784443,0.728477521102273
"S8","青菜","di","ct",NA,"HL_HL","HMML","RFRF",2,"11","S8_11_ct","HL","HL",NA,"yinping","yinqu",NA,"L","18",185.740464503264,0.576296202673307
"S8","青菜","di","ct",NA,"HL_HL","HMML","RFRF",2,"11","S8_11_ct","HL","HL",NA,"yinping","yinqu",NA,"L","19",171.641131229056,0.300841763869709
"S8","青菜","di","ct",NA,"HL_HL","HMML","RFRF",2,"11","S8_11_ct","HL","HL",NA,"yinping","yinqu",NA,"L","20",155.837827437257,-0.0361814897750036
"S8","樱桃","di","ct",NA,"HL_RF","HMML","RFRF",1,"17","S8_17_ct","HL","LHL",NA,"yinping","yangping",NA,"L","1",161.408792956754,0.0863749186281683
"S8","樱桃","di","ct",NA,"HL_RF","HMML","RFRF",1,"17","S8_17_ct","HL","LHL",NA,"yinping","yangping",NA,"L","2",211.781705287215,1.03410131252512
"S8","樱桃","di","ct",NA,"HL_RF","HMML","RFRF",1,"17","S8_17_ct","HL","LHL",NA,"yinping","yangping",NA,"L","3",233.541045912838,1.37535294884433
"S8","樱桃","di","ct",NA,"HL_RF","HMML","RFRF",1,"17","S8_17_ct","HL","LHL",NA,"yinping","yangping",NA,"L","4",248.108649794925,1.58648162546495
"S8","樱桃","di","ct",NA,"HL_RF","HMML","RFRF",1,"17","S8_17_ct","HL","LHL",NA,"yinping","yangping",NA,"L","5",254.667425646316,1.67752130807401
"S8","樱桃","di","ct",NA,"HL_RF","HMML","RFRF",1,"17","S8_17_ct","HL","LHL",NA,"yinping","yangping",NA,"L","6",255.991237316307,1.69561196704455
"S8","樱桃","di","ct",NA,"HL_RF","HMML","RFRF",1,"17","S8_17_ct","HL","LHL",NA,"yinping","yangping",NA,"L","7",254.413107527204,1.67403513646895
"S8","樱桃","di","ct",NA,"HL_RF","HMML","RFRF",1,"17","S8_17_ct","HL","LHL",NA,"yinping","yangping",NA,"L","8",248.282406432351,1.58892435501209
"S8","樱桃","di","ct",NA,"HL_RF","HMML","RFRF",1,"17","S8_17_ct","HL","LHL",NA,"yinping","yangping",NA,"L","9",236.097681007521,1.41334275229792
"S8","樱桃","di","ct",NA,"HL_RF","HMML","RFRF",1,"17","S8_17_ct","HL","LHL",NA,"yinping","yangping",NA,"L","10",219.025426363273,1.15144984980157
"S8","樱桃","di","ct",NA,"HL_RF","HMML","RFRF",2,"17","S8_17_ct","HL","LHL",NA,"yinping","yangping",NA,"L","11",199.928965426372,0.833143651531294
"S8","樱桃","di","ct",NA,"HL_RF","HMML","RFRF",2,"17","S8_17_ct","HL","LHL",NA,"yinping","yangping",NA,"L","12",186.389001060109,0.588458027798318
"S8","樱桃","di","ct",NA,"HL_RF","HMML","RFRF",2,"17","S8_17_ct","HL","LHL",NA,"yinping","yangping",NA,"L","13",185.689958533289,0.575347296748357
"S8","樱桃","di","ct",NA,"HL_RF","HMML","RFRF",2,"17","S8_17_ct","HL","LHL",NA,"yinping","yangping",NA,"L","14",187.923770078601,0.617071378968136
"S8","樱桃","di","ct",NA,"HL_RF","HMML","RFRF",2,"17","S8_17_ct","HL","LHL",NA,"yinping","yangping",NA,"L","15",188.294908782414,0.623955586370434
"S8","樱桃","di","ct",NA,"HL_RF","HMML","RFRF",2,"17","S8_17_ct","HL","LHL",NA,"yinping","yangping",NA,"L","16",186.222743741945,0.585344289042852
"S8","樱桃","di","ct",NA,"HL_RF","HMML","RFRF",2,"17","S8_17_ct","HL","LHL",NA,"yinping","yangping",NA,"L","17",177.784174506043,0.423538181299969
"S8","樱桃","di","ct",NA,"HL_RF","HMML","RFRF",2,"17","S8_17_ct","HL","LHL",NA,"yinping","yangping",NA,"L","18",162.653463333285,0.113178075606769
"S8","樱桃","di","ct",NA,"HL_RF","HMML","RFRF",2,"17","S8_17_ct","HL","LHL",NA,"yinping","yangping",NA,"L","19",154.621825670024,-0.0635146074766264
"S8","樱桃","di","ct",NA,"HL_RF","HMML","RFRF",2,"17","S8_17_ct","HL","LHL",NA,"yinping","yangping",NA,"L","20",154.633093710124,-0.0632603406635595
"S8","书房","di","ct",NA,"HH_RF","HMML","RFRF",1,"21","S8_21_ct","HH","LHL",NA,"yinping","yangping",NA,"L","1",202.799568678636,0.882885971737869
"S8","书房","di","ct",NA,"HH_RF","HMML","RFRF",1,"21","S8_21_ct","HH","LHL",NA,"yinping","yangping",NA,"L","2",225.60637979599,1.25474452161658
"S8","书房","di","ct",NA,"HH_RF","HMML","RFRF",1,"21","S8_21_ct","HH","LHL",NA,"yinping","yangping",NA,"L","3",235.663699668313,1.40692317097576
"S8","书房","di","ct",NA,"HH_RF","HMML","RFRF",1,"21","S8_21_ct","HH","LHL",NA,"yinping","yangping",NA,"L","4",238.69338869652,1.45149459168603
"S8","书房","di","ct",NA,"HH_RF","HMML","RFRF",1,"21","S8_21_ct","HH","LHL",NA,"yinping","yangping",NA,"L","5",238.012221909755,1.44152307067945
"S8","书房","di","ct",NA,"HH_RF","HMML","RFRF",1,"21","S8_21_ct","HH","LHL",NA,"yinping","yangping",NA,"L","6",233.279790451955,1.37144748067585
"S8","书房","di","ct",NA,"HH_RF","HMML","RFRF",1,"21","S8_21_ct","HH","LHL",NA,"yinping","yangping",NA,"L","7",221.828348195259,1.19581890564348
"S8","书房","di","ct",NA,"HH_RF","HMML","RFRF",1,"21","S8_21_ct","HH","LHL",NA,"yinping","yangping",NA,"L","8",205.212055210161,0.924148452527221
"S8","书房","di","ct",NA,"HH_RF","HMML","RFRF",1,"21","S8_21_ct","HH","LHL",NA,"yinping","yangping",NA,"L","9",187.42876060251,0.607868317372756
"S8","书房","di","ct",NA,"HH_RF","HMML","RFRF",1,"21","S8_21_ct","HH","LHL",NA,"yinping","yangping",NA,"L","10",172.855336444903,0.325437908139196
"S8","书房","di","ct",NA,"HH_RF","HMML","RFRF",2,"21","S8_21_ct","HH","LHL",NA,"yinping","yangping",NA,"L","11",166.730397804,0.199557738916362
"S8","书房","di","ct",NA,"HH_RF","HMML","RFRF",2,"21","S8_21_ct","HH","LHL",NA,"yinping","yangping",NA,"L","12",173.234115018576,0.333075476801882
"S8","书房","di","ct",NA,"HH_RF","HMML","RFRF",2,"21","S8_21_ct","HH","LHL",NA,"yinping","yangping",NA,"L","13",176.705709529612,0.402307621202352
"S8","书房","di","ct",NA,"HH_RF","HMML","RFRF",2,"21","S8_21_ct","HH","LHL",NA,"yinping","yangping",NA,"L","14",176.216464490047,0.392633630272927
"S8","书房","di","ct",NA,"HH_RF","HMML","RFRF",2,"21","S8_21_ct","HH","LHL",NA,"yinping","yangping",NA,"L","15",172.037436614585,0.308888794031557
"S8","书房","di","ct",NA,"HH_RF","HMML","RFRF",2,"21","S8_21_ct","HH","LHL",NA,"yinping","yangping",NA,"L","16",166.214993236391,0.188755009080036
"S8","书房","di","ct",NA,"HH_RF","HMML","RFRF",2,"21","S8_21_ct","HH","LHL",NA,"yinping","yangping",NA,"L","17",156.198261585098,-0.0281206700352855
"S8","书房","di","ct",NA,"HH_RF","HMML","RFRF",2,"21","S8_21_ct","HH","LHL",NA,"yinping","yangping",NA,"L","18",148.370760191225,-0.207507676505561
"S8","书房","di","ct",NA,"HH_RF","HMML","RFRF",2,"21","S8_21_ct","HH","LHL",NA,"yinping","yangping",NA,"L","19",147.070867554233,-0.238211786361304
"S8","书房","di","ct",NA,"HH_RF","HMML","RFRF",2,"21","S8_21_ct","HH","LHL",NA,"yinping","yangping",NA,"L","20",146.374797966887,-0.254765052097811
"S8","青豆","di","ct",NA,"HL_LH","HMML","RFRF",1,"25","S8_25_ct","HL","LH",NA,"yinping","yangqu",NA,"L","1",191.185637657181,0.677115486487782
"S8","青豆","di","ct",NA,"HL_LH","HMML","RFRF",1,"25","S8_25_ct","HL","LH",NA,"yinping","yangqu",NA,"L","2",224.692739463482,1.2405855186079
"S8","青豆","di","ct",NA,"HL_LH","HMML","RFRF",1,"25","S8_25_ct","HL","LH",NA,"yinping","yangqu",NA,"L","3",231.719157034245,1.34802631666061
"S8","青豆","di","ct",NA,"HL_LH","HMML","RFRF",1,"25","S8_25_ct","HL","LH",NA,"yinping","yangqu",NA,"L","4",233.789436605909,1.37906205414444
"S8","青豆","di","ct",NA,"HL_LH","HMML","RFRF",1,"25","S8_25_ct","HL","LH",NA,"yinping","yangqu",NA,"L","5",234.29729737679,1.38663345809604
"S8","青豆","di","ct",NA,"HL_LH","HMML","RFRF",1,"25","S8_25_ct","HL","LH",NA,"yinping","yangqu",NA,"L","6",232.789319465809,1.36410367672072
"S8","青豆","di","ct",NA,"HL_LH","HMML","RFRF",1,"25","S8_25_ct","HL","LH",NA,"yinping","yangqu",NA,"L","7",228.068894745433,1.29262329810869
"S8","青豆","di","ct",NA,"HL_LH","HMML","RFRF",1,"25","S8_25_ct","HL","LH",NA,"yinping","yangqu",NA,"L","8",217.62435771456,1.12905822707009
"S8","青豆","di","ct",NA,"HL_LH","HMML","RFRF",1,"25","S8_25_ct","HL","LH",NA,"yinping","yangqu",NA,"L","9",197.070121706987,0.782890150139149
"S8","青豆","di","ct",NA,"HL_LH","HMML","RFRF",1,"25","S8_25_ct","HL","LH",NA,"yinping","yangqu",NA,"L","10",173.298938487833,0.334380882554508
"S8","青豆","di","ct",NA,"HL_LH","HMML","RFRF",2,"25","S8_25_ct","HL","LH",NA,"yinping","yangqu",NA,"L","11",162.283769827135,0.105238442321996
"S8","青豆","di","ct",NA,"HL_LH","HMML","RFRF",2,"25","S8_25_ct","HL","LH",NA,"yinping","yangqu",NA,"L","12",163.714607712175,0.135867645113791
"S8","青豆","di","ct",NA,"HL_LH","HMML","RFRF",2,"25","S8_25_ct","HL","LH",NA,"yinping","yangqu",NA,"L","13",173.281044881216,0.334020592460475
"S8","青豆","di","ct",NA,"HL_LH","HMML","RFRF",2,"25","S8_25_ct","HL","LH",NA,"yinping","yangqu",NA,"L","14",185.428595950387,0.570432690486296
"S8","青豆","di","ct",NA,"HL_LH","HMML","RFRF",2,"25","S8_25_ct","HL","LH",NA,"yinping","yangqu",NA,"L","15",187.806906639511,0.614900878247162
"S8","青豆","di","ct",NA,"HL_LH","HMML","RFRF",2,"25","S8_25_ct","HL","LH",NA,"yinping","yangqu",NA,"L","16",184.735375698324,0.557363896382306
"S8","青豆","di","ct",NA,"HL_LH","HMML","RFRF",2,"25","S8_25_ct","HL","LH",NA,"yinping","yangqu",NA,"L","17",176.6014563569,0.400248439077289
"S8","青豆","di","ct",NA,"HL_LH","HMML","RFRF",2,"25","S8_25_ct","HL","LH",NA,"yinping","yangqu",NA,"L","18",162.811687659492,0.116570629129289
"S8","青豆","di","ct",NA,"HL_LH","HMML","RFRF",2,"25","S8_25_ct","HL","LH",NA,"yinping","yangqu",NA,"L","19",138.485151374089,-0.448093229105482
"S8","青豆","di","ct",NA,"HL_LH","HMML","RFRF",2,"25","S8_25_ct","HL","LH",NA,"yinping","yangqu",NA,"L","20",123.318684645464,-0.852811542431794
"S8","新店","di","ct",NA,"HL_HL","HMML","RFRF",1,"38","S8_38_ct","HL","HL",NA,"yinping","yinqu",NA,"M","1",188.211993006966,0.622418769411175
"S8","新店","di","ct",NA,"HL_HL","HMML","RFRF",1,"38","S8_38_ct","HL","HL",NA,"yinping","yinqu",NA,"M","2",212.660253268093,1.04854591877426
"S8","新店","di","ct",NA,"HL_HL","HMML","RFRF",1,"38","S8_38_ct","HL","HL",NA,"yinping","yinqu",NA,"M","3",220.669515569219,1.17754344043878
"S8","新店","di","ct",NA,"HL_HL","HMML","RFRF",1,"38","S8_38_ct","HL","HL",NA,"yinping","yinqu",NA,"M","4",223.390236143835,1.22030030754561
"S8","新店","di","ct",NA,"HL_HL","HMML","RFRF",1,"38","S8_38_ct","HL","HL",NA,"yinping","yinqu",NA,"M","5",222.557670815653,1.20727186182287
"S8","新店","di","ct",NA,"HL_HL","HMML","RFRF",1,"38","S8_38_ct","HL","HL",NA,"yinping","yinqu",NA,"M","6",217.613962000149,1.12889154644225
"S8","新店","di","ct",NA,"HL_HL","HMML","RFRF",1,"38","S8_38_ct","HL","HL",NA,"yinping","yinqu",NA,"M","7",207.74304994177,0.96691968375948
"S8","新店","di","ct",NA,"HL_HL","HMML","RFRF",1,"38","S8_38_ct","HL","HL",NA,"yinping","yinqu",NA,"M","8",191.544598618707,0.683660529215828
"S8","新店","di","ct",NA,"HL_HL","HMML","RFRF",1,"38","S8_38_ct","HL","HL",NA,"yinping","yinqu",NA,"M","9",173.974021022146,0.347946649862824
"S8","新店","di","ct",NA,"HL_HL","HMML","RFRF",1,"38","S8_38_ct","HL","HL",NA,"yinping","yinqu",NA,"M","10",167.666172962154,0.219086232477547
"S8","新店","di","ct",NA,"HL_HL","HMML","RFRF",2,"38","S8_38_ct","HL","HL",NA,"yinping","yinqu",NA,"M","11",174.864474170489,0.365759996745858
"S8","新店","di","ct",NA,"HL_HL","HMML","RFRF",2,"38","S8_38_ct","HL","HL",NA,"yinping","yinqu",NA,"M","12",183.102556678187,0.526386686171381
"S8","新店","di","ct",NA,"HL_HL","HMML","RFRF",2,"38","S8_38_ct","HL","HL",NA,"yinping","yinqu",NA,"M","13",180.188283853138,0.470405385245415
"S8","新店","di","ct",NA,"HL_HL","HMML","RFRF",2,"38","S8_38_ct","HL","HL",NA,"yinping","yinqu",NA,"M","14",172.882210521721,0.325980339663355
"S8","新店","di","ct",NA,"HL_HL","HMML","RFRF",2,"38","S8_38_ct","HL","HL",NA,"yinping","yinqu",NA,"M","15",164.458868239477,0.151693973261109
"S8","新店","di","ct",NA,"HL_HL","HMML","RFRF",2,"38","S8_38_ct","HL","HL",NA,"yinping","yinqu",NA,"M","16",156.015547698254,-0.032204591767535
"S8","新店","di","ct",NA,"HL_HL","HMML","RFRF",2,"38","S8_38_ct","HL","HL",NA,"yinping","yinqu",NA,"M","17",145.470196110987,-0.276395451031053
"S8","新店","di","ct",NA,"HL_HL","HMML","RFRF",2,"38","S8_38_ct","HL","HL",NA,"yinping","yinqu",NA,"M","18",129.858600383459,-0.67250895856151
"S8","新店","di","ct",NA,"HL_HL","HMML","RFRF",2,"38","S8_38_ct","HL","HL",NA,"yinping","yinqu",NA,"M","19",108.906234102258,-1.28646763625058
"S8","新店","di","ct",NA,"HL_HL","HMML","RFRF",2,"38","S8_38_ct","HL","HL",NA,"yinping","yinqu",NA,"M","20",100.049710966896,-1.58242333613785
"S8","新车","di","ct",NA,"HL_HH","HMML","RFRF",1,"45","S8_45_ct","HL","HH",NA,"yinping","yinping",NA,"M","1",150.57989408707,-0.155938719381167
"S8","新车","di","ct",NA,"HL_HH","HMML","RFRF",1,"45","S8_45_ct","HL","HH",NA,"yinping","yinping",NA,"M","2",176.572556055078,0.399677392474331
"S8","新车","di","ct",NA,"HL_HH","HMML","RFRF",1,"45","S8_45_ct","HL","HH",NA,"yinping","yinping",NA,"M","3",187.416898896241,0.607647490159611
"S8","新车","di","ct",NA,"HL_HH","HMML","RFRF",1,"45","S8_45_ct","HL","HH",NA,"yinping","yinping",NA,"M","4",190.936222161227,0.672560579389216
"S8","新车","di","ct",NA,"HL_HH","HMML","RFRF",1,"45","S8_45_ct","HL","HH",NA,"yinping","yinping",NA,"M","5",189.422760599018,0.644793006358863
"S8","新车","di","ct",NA,"HL_HH","HMML","RFRF",1,"45","S8_45_ct","HL","HH",NA,"yinping","yinping",NA,"M","6",183.257596530554,0.529339887482415
"S8","新车","di","ct",NA,"HL_HH","HMML","RFRF",1,"45","S8_45_ct","HL","HH",NA,"yinping","yinping",NA,"M","7",173.965778392968,0.347781332082363
"S8","新车","di","ct",NA,"HL_HH","HMML","RFRF",1,"45","S8_45_ct","HL","HH",NA,"yinping","yinping",NA,"M","8",162.679528546164,0.113737177653955
"S8","新车","di","ct",NA,"HL_HH","HMML","RFRF",1,"45","S8_45_ct","HL","HH",NA,"yinping","yinping",NA,"M","9",153.21236790609,-0.0954664682278669
"S8","新车","di","ct",NA,"HL_HH","HMML","RFRF",1,"45","S8_45_ct","HL","HH",NA,"yinping","yinping",NA,"M","10",145.145169939274,-0.284200180475009
"S8","新车","di","ct",NA,"HL_HH","HMML","RFRF",2,"45","S8_45_ct","HL","HH",NA,"yinping","yinping",NA,"M","11",130.420582761764,-0.657441436010257
"S8","新车","di","ct",NA,"HL_HH","HMML","RFRF",2,"45","S8_45_ct","HL","HH",NA,"yinping","yinping",NA,"M","12",120.210172534208,-0.941892245052728
"S8","新车","di","ct",NA,"HL_HH","HMML","RFRF",2,"45","S8_45_ct","HL","HH",NA,"yinping","yinping",NA,"M","13",122.867039197934,-0.865613994891503
"S8","新车","di","ct",NA,"HL_HH","HMML","RFRF",2,"45","S8_45_ct","HL","HH",NA,"yinping","yinping",NA,"M","14",124.775930639104,-0.811821493316108
"S8","新车","di","ct",NA,"HL_HH","HMML","RFRF",2,"45","S8_45_ct","HL","HH",NA,"yinping","yinping",NA,"M","15",123.720222180678,-0.841468773451677
"S8","新车","di","ct",NA,"HL_HH","HMML","RFRF",2,"45","S8_45_ct","HL","HH",NA,"yinping","yinping",NA,"M","16",120.693080018141,-0.927903467425026
"S8","新车","di","ct",NA,"HL_HH","HMML","RFRF",2,"45","S8_45_ct","HL","HH",NA,"yinping","yinping",NA,"M","17",116.959056901086,-1.03755859212174
"S8","新车","di","ct",NA,"HL_HH","HMML","RFRF",2,"45","S8_45_ct","HL","HH",NA,"yinping","yinping",NA,"M","18",110.472644944983,-1.23663932590672
"S8","新车","di","ct",NA,"HL_HH","HMML","RFRF",2,"45","S8_45_ct","HL","HH",NA,"yinping","yinping",NA,"M","19",102.557033702228,-1.49605860518942
"S8","新车","di","ct",NA,"HL_HH","HMML","RFRF",2,"45","S8_45_ct","HL","HH",NA,"yinping","yinping",NA,"M","20",98.1226775924938,-1.65028393592194
"S8","新房","di","ct",NA,"HL_RF","HMML","RFRF",1,"47","S8_47_ct","HL","LHL",NA,"yinping","yangping",NA,"M","1",152.142081560637,-0.119926410236686
"S8","新房","di","ct",NA,"HL_RF","HMML","RFRF",1,"47","S8_47_ct","HL","LHL",NA,"yinping","yangping",NA,"M","2",176.623134290886,0.400676716195675
"S8","新房","di","ct",NA,"HL_RF","HMML","RFRF",1,"47","S8_47_ct","HL","LHL",NA,"yinping","yangping",NA,"M","3",183.629309183386,0.536410111809458
"S8","新房","di","ct",NA,"HL_RF","HMML","RFRF",1,"47","S8_47_ct","HL","LHL",NA,"yinping","yangping",NA,"M","4",183.332112567319,0.530758381137135
"S8","新房","di","ct",NA,"HL_RF","HMML","RFRF",1,"47","S8_47_ct","HL","LHL",NA,"yinping","yangping",NA,"M","5",180.514615125709,0.476718840294487
"S8","新房","di","ct",NA,"HL_RF","HMML","RFRF",1,"47","S8_47_ct","HL","LHL",NA,"yinping","yangping",NA,"M","6",176.997537963506,0.40806528853054
"S8","新房","di","ct",NA,"HL_RF","HMML","RFRF",1,"47","S8_47_ct","HL","LHL",NA,"yinping","yangping",NA,"M","7",173.504758716736,0.338522426762761
"S8","新房","di","ct",NA,"HL_RF","HMML","RFRF",1,"47","S8_47_ct","HL","LHL",NA,"yinping","yangping",NA,"M","8",169.368167740638,0.254327025588321
"S8","新房","di","ct",NA,"HL_RF","HMML","RFRF",1,"47","S8_47_ct","HL","LHL",NA,"yinping","yangping",NA,"M","9",164.177450775041,0.145718208308936
"S8","新房","di","ct",NA,"HL_RF","HMML","RFRF",1,"47","S8_47_ct","HL","LHL",NA,"yinping","yangping",NA,"M","10",157.404936628366,-0.00126908646389731
"S8","新房","di","ct",NA,"HL_RF","HMML","RFRF",2,"47","S8_47_ct","HL","LHL",NA,"yinping","yangping",NA,"M","11",139.441905911519,-0.424070113599405
"S8","新房","di","ct",NA,"HL_RF","HMML","RFRF",2,"47","S8_47_ct","HL","LHL",NA,"yinping","yangping",NA,"M","12",131.907665684629,-0.61788176316143
"S8","新房","di","ct",NA,"HL_RF","HMML","RFRF",2,"47","S8_47_ct","HL","LHL",NA,"yinping","yangping",NA,"M","13",136.180149208479,-0.506657892136768
"S8","新房","di","ct",NA,"HL_RF","HMML","RFRF",2,"47","S8_47_ct","HL","LHL",NA,"yinping","yangping",NA,"M","14",140.936130647297,-0.386879447615013
"S8","新房","di","ct",NA,"HL_RF","HMML","RFRF",2,"47","S8_47_ct","HL","LHL",NA,"yinping","yangping",NA,"M","15",140.155285496252,-0.406264918902677
"S8","新房","di","ct",NA,"HL_RF","HMML","RFRF",2,"47","S8_47_ct","HL","LHL",NA,"yinping","yangping",NA,"M","16",133.483241849063,-0.576451625400319
"S8","新房","di","ct",NA,"HL_RF","HMML","RFRF",2,"47","S8_47_ct","HL","LHL",NA,"yinping","yangping",NA,"M","17",123.075710394932,-0.85969311161046
"S8","新房","di","ct",NA,"HL_RF","HMML","RFRF",2,"47","S8_47_ct","HL","LHL",NA,"yinping","yangping",NA,"M","18",111.717642536341,-1.19753670225799
"S8","新房","di","ct",NA,"HL_RF","HMML","RFRF",2,"47","S8_47_ct","HL","LHL",NA,"yinping","yangping",NA,"M","19",98.8591336583794,-1.62419354098979
"S8","新房","di","ct",NA,"HL_RF","HMML","RFRF",2,"47","S8_47_ct","HL","LHL",NA,"yinping","yangping",NA,"M","20",91.4031443359445,-1.89780416742835
"S8","新路","di","ct",NA,"HL_LH","HMML","RFRF",1,"51","S8_51_ct","HL","LH",NA,"yinping","yangqu",NA,"M","1",158.607979565008,0.025297533577112
"S8","新路","di","ct",NA,"HL_LH","HMML","RFRF",1,"51","S8_51_ct","HL","LH",NA,"yinping","yangqu",NA,"M","2",193.666254107976,0.722096570847505
"S8","新路","di","ct",NA,"HL_LH","HMML","RFRF",1,"51","S8_51_ct","HL","LH",NA,"yinping","yangqu",NA,"M","3",206.006213582143,0.937625450732482
"S8","新路","di","ct",NA,"HL_LH","HMML","RFRF",1,"51","S8_51_ct","HL","LH",NA,"yinping","yangqu",NA,"M","4",210.637127846302,1.01519264678495
"S8","新路","di","ct",NA,"HL_LH","HMML","RFRF",1,"51","S8_51_ct","HL","LH",NA,"yinping","yangqu",NA,"M","5",211.506510036229,1.02956437570851
"S8","新路","di","ct",NA,"HL_LH","HMML","RFRF",1,"51","S8_51_ct","HL","LH",NA,"yinping","yangqu",NA,"M","6",207.532969231775,0.963389419034092
"S8","新路","di","ct",NA,"HL_LH","HMML","RFRF",1,"51","S8_51_ct","HL","LH",NA,"yinping","yangqu",NA,"M","7",197.743347200796,0.794789601190308
"S8","新路","di","ct",NA,"HL_LH","HMML","RFRF",1,"51","S8_51_ct","HL","LH",NA,"yinping","yangqu",NA,"M","8",183.561212429459,0.535115937228573
"S8","新路","di","ct",NA,"HL_LH","HMML","RFRF",1,"51","S8_51_ct","HL","LH",NA,"yinping","yangqu",NA,"M","9",167.21348051328,0.209652736563295
"S8","新路","di","ct",NA,"HL_LH","HMML","RFRF",1,"51","S8_51_ct","HL","LH",NA,"yinping","yangqu",NA,"M","10",151.594355086274,-0.13251059895755
"S8","新路","di","ct",NA,"HL_LH","HMML","RFRF",2,"51","S8_51_ct","HL","LH",NA,"yinping","yangqu",NA,"M","11",131.493438418472,-0.628856127188488
"S8","新路","di","ct",NA,"HL_LH","HMML","RFRF",2,"51","S8_51_ct","HL","LH",NA,"yinping","yangqu",NA,"M","12",122.655224091218,-0.871634377218255
"S8","新路","di","ct",NA,"HL_LH","HMML","RFRF",2,"51","S8_51_ct","HL","LH",NA,"yinping","yangqu",NA,"M","13",122.148331002062,-0.886084022398656
"S8","新路","di","ct",NA,"HL_LH","HMML","RFRF",2,"51","S8_51_ct","HL","LH",NA,"yinping","yangqu",NA,"M","14",125.194910434788,-0.800124828405578
"S8","新路","di","ct",NA,"HL_LH","HMML","RFRF",2,"51","S8_51_ct","HL","LH",NA,"yinping","yangqu",NA,"M","15",129.58521441544,-0.679862405646847
"S8","新路","di","ct",NA,"HL_LH","HMML","RFRF",2,"51","S8_51_ct","HL","LH",NA,"yinping","yangqu",NA,"M","16",131.517992779054,-0.628204630941362
"S8","新路","di","ct",NA,"HL_LH","HMML","RFRF",2,"51","S8_51_ct","HL","LH",NA,"yinping","yangqu",NA,"M","17",129.309238779192,-0.687301260321086
"S8","新路","di","ct",NA,"HL_LH","HMML","RFRF",2,"51","S8_51_ct","HL","LH",NA,"yinping","yangqu",NA,"M","18",123.436460874799,-0.849480736159656
"S8","新路","di","ct",NA,"HL_LH","HMML","RFRF",2,"51","S8_51_ct","HL","LH",NA,"yinping","yangqu",NA,"M","19",115.759739105987,-1.07352230928525
"S8","新路","di","ct",NA,"HL_LH","HMML","RFRF",2,"51","S8_51_ct","HL","LH",NA,"yinping","yangqu",NA,"M","20",111.191215121619,-1.21401718358486
